"Dim1","Dim2"
1.81134052429457,-0.263741638288494
1.98862438987922,-0.433318536371245
1.69698541931656,-0.187503015698476
1.76028057744305,-0.215181563669943
0.675946330148772,0.163072412568648
0.731776375426006,-0.350508968113688
1.90910183314175,-0.357073620699947
0.809115640181052,-0.333412302231944
2.11795743577748,-0.55391652643104
1.43570193097207,0.798785386371032
0.940284441612881,-0.760260935326475
-0.715425000259046,-0.12611740332132
1.45377128250959,-0.168700377261566
2.11020567838803,-0.547280876459045
1.22714566775979,0.754169246192959
0.876683804568527,-0.2552407580321
1.22124947409604,0.678168735605836
2.0903028260483,-0.0227093153539322
1.97926165888998,-0.424380402635818
-0.788687692792774,-0.00627105112963025
0.948430554940952,0.237037542696814
1.52832286109507,0.842906554132829
0.248796635669652,0.955156653885728
1.55621204552465,0.855902149138577
1.7056047941149,0.923088452448331
0.946949735449844,-0.764574667874027
1.80427536105171,-0.141484887346086
0.484256207275471,0.275125733625255
1.50371174770656,0.831347049667533
1.02258574142415,-0.813005603299237
1.70257603959567,0.921820675719388
1.54999288990914,0.853011078056733
1.923299869245,-0.0744251861204425
1.37391118100744,0.768436525263352
1.82126372057432,-0.130020202858887
-0.566420129587114,-0.516464026458674
1.80669557272866,-0.139823686506412
1.5232686665596,-0.173164326656334
0.854435387859868,-0.682900061124993
0.765109871871012,-0.343006261262898
1.95833405260297,-0.0605188347177746
0.698073647616806,-1.13029642124625
0.857769513725363,-0.428769138759287
1.17025663548812,-0.150712762047723
0.708429779895397,-1.30198574347897
1.66536478826865,0.905783675139529
1.01600929055705,0.346228135663332
1.99799519942301,-0.442229764628833
1.8261456276298,-0.126821957458538
1.98580065133656,-0.0511820745542496
0.25369064919365,0.557190670245525
1.21017607244037,-0.933817711824188
0.265221457782979,0.998920646265045
1.85838846975314,-0.106983119355005
0.851300223459768,0.0302678819717277
1.79702248778013,-0.146507632759315
0.980734854778786,0.289656409849026
1.22940906459959,0.737774662826251
1.48523446455291,0.822585868496891
0.763393597930402,-0.945034438446904
0.318151417620469,1.18692662952853
0.857867009084327,-0.414624479065135
1.42951550169071,0.795779154809914
0.623351544774956,-0.380996961689319
0.300718434257842,1.11730108490294
1.83693774161494,-0.288093635597729
1.53258439622818,-0.173734414702579
1.68283378801976,-0.186202318581193
1.70860580907484,0.924339821380034
1.89511291330334,-0.343688271151804
1.99330850359721,-0.437777322649851
0.0226610538123723,0.327200134320573
1.13095369824486,-0.880562738817705
0.329718721581129,0.356826000180933
2.0580892131118,-0.0302110351412178
1.76567704560248,-0.168682784519655
2.00245687733968,-0.0459875880261463
1.03248190354145,0.372127272363933
0.479086747063348,0.277831748099137
2.02475173454926,-0.0393868305688465
0.285797895962356,1.06313200783957
0.892854707488239,-0.19517211554453
0.873695986710023,-0.716935993306862
1.68407466961954,0.913950122191612
0.933622149787452,-0.755943647876482
1.06459262454098,-0.839255083166156
1.7369609634446,-0.193226040421653
1.07619373324667,-0.146546822451086
1.26980312313762,-0.155850179437791
0.761148236043228,-0.34388161150779
0.322193845304469,1.20438211497051
1.20868946362305,0.919944251190169
1.85336306059183,-0.109922592962287
2.08961653853513,-0.528677223444872
2.04029369187857,-0.482217041522595
1.40294643019919,-0.165057168248813
1.77423925836756,-0.228402764873932
0.856085711041096,0.015190706777422
1.23206333519012,0.695254700796818
0.801211966736742,-0.841281632575811
1.22135812431105,0.797762332021655
0.888812315594967,-0.210188441235903
0.90494951961265,-0.150183510219958
1.2471435618907,0.705663969653875
0.996976694953438,0.315858753750709
1.22566293361093,0.765090079660975
1.06004054888551,0.415180596879507
0.406920109464432,0.31541700664336
1.0135397778659,-0.144549132829336
1.03799997232688,0.380748798943447
0.8996749616803,-0.120150631108978
0.221571040464811,0.879563112093197
1.77887897050058,-0.23281153633658
1.8695100559699,-0.319181987138476
0.809831685906062,-0.818278644753457
2.11439692144418,-0.55090810258116
0.311769096439613,1.16074761362891
1.52216024578508,0.840022160455121
0.575987700952177,0.224200337471858
0.856385386336673,-0.569796606372058
-0.743260543769132,0.135580231488766
1.93669047010067,-0.0688262248442508
1.92596967782775,-0.0732814554468834
1.83228216596692,-0.283663658217533
1.99096615662739,-0.435548765060687
1.87873725735512,-0.0957006654277436
1.769593205902,-0.223995013907585
1.26524551741968,-0.155595570931776
1.67811267758403,-0.185769927295013
0.217342337852156,0.373242386575062
0.241008412532283,0.665681043481896
0.639466197754299,-0.375247542436642
2.07986077009367,-0.0249251184279322
0.284970945431171,1.06030372668924
1.14561804026096,0.553289110474707
1.96990271440147,-0.415416834769713
-0.639155864311242,-0.263391990417716
0.891400386147371,-0.728493453655901
0.982571033683723,-0.787505989498546
2.08774202907661,-0.0232302189737966
0.857118457744212,-0.513423644714072
0.670676838956388,-0.365829765610567
1.50932094017779,-0.172322045126895
1.69028338333596,0.916615790472046
0.365825034168167,0.337250965660694
0.831019934098745,-0.328676765915798
1.59051481319971,0.871793392520674
1.30908639695801,0.736318577317882
0.903048564242955,0.162236914459456
1.94182542967945,-0.388446673920839
2.10547922033178,-0.0199032177578865
0.169821860309101,0.938046568524348
-0.455817761774876,0.329190779739463
1.4398916122334,-0.167724986492279
-0.36367594915704,0.295893863130444
1.01594039522292,-0.808793104930056
1.38449388000513,-0.163693948846581
1.19268658678677,-0.151821219345841
0.890833622374253,-0.202679995527575
1.4075600951502,-0.165395837348601
2.04499996103007,-0.486668585239143
1.94650558759226,-0.392943770687681
1.31837137102331,0.740916179463773
1.93246654804547,-0.379459763710791
0.857672163382585,-0.442910328418613
0.951113654859096,0.241433613412119
0.660986600859409,0.172342071968417
0.655997870548297,0.175431098705931
1.14194024666047,-0.887583751678025
1.30177356021065,-0.15780423830069
2.10183119082943,-0.0205385554107233
0.183631803196812,0.924267271742787
2.0976099558224,-0.0213025662283067
0.801561505384785,0.0852950937484585
0.921720966759962,0.193069578671256
0.710954012553355,0.141379480980745
0.945749487437587,0.232640430542048
0.826681950493783,0.0697458528111583
2.04423939992075,-0.0339041555121726
-0.71358951580874,0.349699101776974
2.09281437635821,-0.0222127803800578
1.23339607930607,-0.153918571832503
0.906966608636385,-0.738630238444416
1.61235616511015,0.881857957071468
2.01207379596578,-0.455559941326354
1.93938080813259,-0.067743217253372
1.15861193243025,0.574907544222775
1.90443638485342,-0.352609456376591
1.77289502180559,-0.163535370297819
2.03794057125558,-0.479992221404377
0.720173486317484,-0.353231121473766
1.37699830877287,0.769965091740467
0.924625247448788,-0.142854892880603
0.850684733278543,-0.32442053634191
0.253053188586617,0.966033797397623
-0.664540356685746,-0.214327572836661
0.265902164171972,0.448010182447863
-0.775483674818622,-0.0277951639402099
1.90738040624836,-0.0815315886517565
1.89278352191582,-0.341459017603767
0.626034499392734,0.193915347383521
1.65921846270402,-0.184042804548554
0.935842657814021,-0.757383127789665
2.1192341333084,-0.554974392810116
1.11401739080644,0.501494644191567
1.00928469442469,-0.804563409940674
1.13513479337219,0.535991650418496
2.10576204428002,-0.543359446469067
0.735659874805621,-0.34961381439981
1.90474566923825,-0.082756962714576
1.00240104970375,0.324561422834954
0.958067603386383,-0.771755256688458
0.280758328369131,1.04620777526734
0.700923887216205,0.147592017198796
0.391499324600933,0.323530846912403
-0.589644166798679,-0.387703508587223
-0.0796942792651098,0.313776021002876
1.56867391291595,0.861685361647335
1.54688737264178,0.851566088727965
1.01327992905255,0.341903621767393
1.10603143349273,0.488555488836802
1.86091034722939,-0.105530202782003
2.02617721470155,-0.468879072752306
1.97751540030101,-0.0538799314187246
2.04735301252945,-0.488895112518455
1.49140240163552,0.82551864410398
0.929714095976014,0.206257692821937
2.03558752825067,-0.477768120689574
1.02479881219414,-0.814405735432872
2.01638771878122,-0.0418226058571353
1.86597252859934,-0.102659529313038
0.596035889840321,0.212187175338433
0.715977105706094,0.138269250178397
0.77107100955359,-0.341694298375604
1.41679007930857,-0.166069059699209
1.20876983777002,0.918279214374682
1.14337148054011,-0.149391524307193
1.06902476705004,-0.841985412147848
2.09427294183408,-0.532966563426368
2.07178683184422,-0.026793582145268
0.297686022936969,1.10582291497128
0.838910458638935,-0.326970958841377
1.5749118359488,0.864575722226325
0.581005276821163,0.221214301302425
-0.776331957393398,0.0873311826123678
1.38935032237079,0.776072969878024
1.83596450068395,-0.120538957525122
1.81396768818887,-0.13488482343554
1.97476161746298,-0.0547970109636049
1.17404434699829,0.600822636200142
2.08251446260238,-0.0243393317282818
1.81154143419541,-0.136523287277689
0.97263538040893,0.276528126511865
1.76327482602375,-0.17039943028774
1.867183578964,-0.316956332448862
0.616248352971393,-0.383741821153847
0.279033475950144,1.04059342863176
2.10120561968044,-0.539275670923308
0.858211184480098,-0.3650995402903
1.42333243763934,0.792765931498354
1.88388782104477,-0.0930081370299327
0.332550884538633,1.25693332946712
0.328933989075142,1.23648172152854
1.07789620526463,-0.847442002218672
2.10800369176468,-0.545346150151584
0.904532053576435,-0.135184748557032
1.3862619004826,0.774547232960634
1.16634223626852,0.587863161955485
0.792655924586956,-0.864297501724245
1.58115212237095,0.867464426193292
0.581346040643351,-0.398796657132107
-0.320796984271789,0.297464771144411
1.80437269197399,-0.257104349657473
2.04970594913138,-0.491121966517336
1.60732975337642,-0.17934213078722
0.783050138076823,-0.339072862937155
0.494584536137063,0.269691585929321
1.37526912980274,-0.163011584049383
0.33300792263685,1.25985753334048
1.35848330711996,0.760791232346113
-1.51856736807586,0.0113504458584456
0.920299887369077,-0.747297593760974
1.01150446917236,-0.805975138330447
1.99689462955429,-0.0476928625405732
2.08494362641169,-0.524339489998
1.97201214539253,-0.0557237761296377
1.28349023822689,-0.156650202224472
0.30739779489798,1.14330943758291
2.11234781546494,-0.549144727807481
1.22978972555515,0.735041819972682
1.52524018717494,0.841464433338016
0.887034404138152,0.135742204595034
1.78814673435849,-0.241635293424778
1.63105755333455,0.890402394245456
0.168449193535701,0.939423345761349
0.995941886027065,-0.796058384030622
1.31092934334819,-0.158414503585591
1.07369243438712,0.436714962485612
1.87617163181765,-0.0970666710046837
0.844135226437001,0.0528887228841774
1.58739374935863,0.870351039951066
2.04979032563206,-0.0324000648071633
2.0744941229989,-0.0261533922632207
1.32468041026704,-0.159360930723407
1.94416550377004,-0.390695056395871
1.62482508313741,0.887565183385311
0.28245965676864,1.05183637498967
1.72939543597944,0.933079822100856
1.10226836761863,-0.862497968630849
0.821098081227282,-0.330820815064313
0.753257106861703,-0.345635228808703
0.816638724295831,0.0759611276105459
1.20136108617763,-0.927170960775933
1.69645756935027,0.919242322867619
0.935049523582107,0.215050198489086
1.49756078229291,0.828438795890385
1.59363590472653,0.873234971036289
0.978033099780875,0.285281695453373
0.862547280148456,-0.307749159096901
1.95289614827183,-0.0625194379610758
0.968970453866497,-0.143487515153718
0.259525756268565,0.504678095920279
1.62616835793523,-0.181031869262499
0.332077653684835,1.25401042060337
0.737604992866279,-0.349168132111593
1.66848617825301,0.907158920126735
0.726034211108796,0.132043474653964
1.00016570332078,-0.144187725767648
1.54068572767171,0.848677610063074
1.23794045310441,-0.154152659517007
0.250984982902975,0.581351005603169
1.4573814671778,0.809256097206182
1.16378307454497,-0.901717556904579
1.53140857636216,0.844348766522164
1.20965094196807,0.904805484990215
1.95586529179301,-0.401938823064411
0.333871736841768,1.26571154695538
-0.620456967392367,-0.303760526868921
1.66394274543224,-0.184474333057452
0.52029041228633,0.255923972761402
1.39833318660088,-0.164717375179782
1.24404975645114,0.704130181141428
2.07087039952912,-0.511137842505863
1.05376241951847,-0.145793503135676
1.57920899252162,-0.176969348187401
0.340052017458279,0.351211765544691
1.08898503511804,-0.85426896284195
1.83350214399227,-0.122095269276568
1.22827228000699,0.745973043556903
2.03589576472357,-0.0362161579279837
0.601039955023615,0.209160096234639
1.26069008878485,-0.155346282918894
1.19750195335178,-0.924395386442504
-0.560047110153978,-0.598275917230726
0.710551381703849,-0.3555490730093
1.03585268926239,-0.82137437351005
0.886790917497547,-0.21769713088915
1.74395140734029,-0.199790377924344
1.71734592082754,0.927970694634824
0.690918377433137,0.153792089982424
1.56054836088456,-0.175571778779048
1.2117423650377,0.881413740179305
1.06551567564484,0.42378803276987
1.73080085344231,0.933703003103235
1.42024190627792,0.791256641308829
1.27892541817779,-0.156377235195895
1.68718231095535,0.915287348289457
2.07718628287362,-0.025530188483504
1.85555178341421,-0.305838794395537
1.88114362558112,-0.330316915314646
0.989258344932723,-0.791786961962904
0.677827048285394,-1.2384592668565
1.29359399170608,0.728649828620808
1.34615014593534,0.754677903446595
1.94477389421022,-0.0656152736844446
0.381231968526813,0.328985101845745
0.334886017975598,0.354018083089974
1.32764247504159,0.745507936697697
1.85787807859646,-0.308060661278851
1.65288159515706,0.900239002686754
0.667737787150579,-1.21728642899114
-0.117135051278948,0.310634773552937
1.71448969504185,0.926784376428514
2.00033965348339,-0.444453885682706
1.78119694979019,-0.235016549600987
0.621037529666614,0.196978504428614
1.21894908442713,-0.940996066949335
1.82297068293198,-0.274807621072342
1.58427281961349,0.868908023906431
1.18432240990759,0.61810814450731
0.2686789123455,0.423837066865203
2.11629748846084,-0.552523733114154
2.08728176998244,-0.526513655596328
0.857250407208836,-0.499359573412001
0.898913109519563,-0.172659295116411
0.247750443321404,0.609492777482465
1.00783389935382,0.333242487770279
0.752497033362302,-1.39452752413359
1.13889024823922,-0.149170755135893
1.64040755071882,0.894636469604067
-0.430184365001483,0.294002708671834
1.22603141255934,0.76236089377014
0.762205921874154,-1.41554134699944
1.74162019443196,-0.197599495329356
0.746169162859563,0.119581558219668
1.02692149351859,-0.144941749076407
0.875326957375301,-0.0449603155626994
0.294601795791729,1.09439028600755
0.565937918943534,0.23012787795687
0.401777016064376,0.318114246870911
1.19944972710062,-0.925787783786872
0.801097568972768,-0.335149235939919
1.85085951475834,-0.111408580299103
1.21254748876677,0.873402113935086
0.432648865189273,0.301996061975691
0.702111291191131,-1.11871159525606
-0.724694292837139,-0.110818332646876
1.50063699291513,0.829894319496356
1.17245084494171,-0.907403091869918
1.35683968221975,-0.161658835248651
0.555862022541741,0.235987992850937
1.5098589519422,0.834245230215247
-0.216431194546555,0.302944485593811
0.811117275873461,-0.332979103258616
1.21525000442692,-0.152980329489217
1.32926841723038,-0.159682675611177
2.0080261118321,-0.0443054481522021
1.23477063266074,0.699524548377312
1.67472736996788,0.909893870225881
1.05573896843937,-0.833783433367112
1.67339021347488,-0.185337855794076
1.72277027039331,0.930237503816764
1.58388289713201,-0.177344014976499
0.870620727671959,-0.277761745358878
1.67160721168394,0.908529124104581
2.06852054912289,-0.508920518847234
0.76930906034134,-1.43095045494363
1.56555629991666,0.860239724385526
1.84338532460899,-0.11592873746514
1.30289085255047,0.733251361076968
2.05676368568421,-0.497802644679611
1.64504735069148,-0.182749372986561
1.93400418245332,-0.0699217316957478
1.82529832411233,-0.277021274052202
0.504890469992802,0.264220766515987
2.03867878907923,-0.0354386484562665
1.36156773605751,0.762320186024564
0.755225777860187,-0.345196342478595
1.21122896637134,0.886716528188161
2.09525922747711,-0.0217427372616894
0.721004200002076,0.135157070304902
1.2105074051019,0.661073720327745
1.72052457085151,-0.189698098954489
1.04027089470947,-0.824146435957627
0.671776382217645,-1.20569414922478
1.98303513291098,-0.0520729300089286
0.986143499918168,0.298401168036579
0.856791820872824,-0.541578270207425
1.32009448445542,-0.159042013097813
1.10307988780256,-0.147543506643477
1.22677280538179,0.756900407341503
0.748959965031079,-0.985563153990526
1.48831969211007,0.824053834451204
1.32146337867605,0.742447462816956
0.315350784468741,1.17529371975344
0.330035009994497,1.24232443875877
1.46357898759803,0.812233294534348
-0.783701447393426,0.0766349736423546
1.91266658295757,-0.0791163117275366
0.21269228588523,0.372038427433013
2.06906655125634,-0.027449625693963
0.718245843679167,-0.353690913413279
1.73463294378593,-0.191043579573652
1.21455695664675,-0.937322891319731
1.20929197071408,0.909689922512874
-0.65473139922129,-0.232664075327584
1.60263005505897,-0.178929057649809
0.99124973645903,-0.143966372308268
1.06824599405076,0.42809459087645
1.6622434165335,0.90440375386503
1.98394230344799,-0.428852903558532
1.71157111744325,0.92557272287078
2.02196390533471,-0.0401934864051326
1.90210460020601,-0.350378399623218
1.75794886855488,-0.212979085922567
1.57803175704014,0.866020308413968
1.47905660245243,0.819640844910794
1.84159243412057,-0.292525597214352
0.851861905950401,-0.709783760740669
1.11650351923755,-0.148113221592024
0.983438382499965,0.294029662498522
0.644891337944247,-0.373463253261595
0.938063403457519,-0.758822223590399
1.08516331087316,-0.146862860108983
0.296150870777991,1.10010143928098
0.728450455546217,-1.04347436587955
0.687988163891483,-1.25963389244358
1.81882848505683,-0.131633001717409
0.231519121419474,0.75005682660472
0.911057623528553,0.175464953052181
1.38008584084686,0.771493160001462
0.235560950530998,0.922650024198664
2.09659247560307,-0.535088720077179
1.56243991608391,0.858793901395242
-0.767945066239687,-0.0400894727744136
1.40788362839392,0.785201826561055
1.2904949514399,0.727116248849725
0.858480355540439,0.00765756993109266
1.84090592182634,-0.117455619559439
1.2657141254966,0.714857475308785
0.258171042321962,0.516826063972132
0.339441599248691,1.36374220125774
1.07912129959664,0.44534531126627
0.728775132971516,-1.34422054045149
1.20169276801265,-0.152279647629073
1.23093518491532,0.726844211468833
0.237798559545095,0.928057136365002
1.84857271861825,-0.299178509230889
1.6591223229554,0.903019479913516
1.96756319358588,-0.413172691284087
1.03364310432997,-0.81998501828856
1.53724473812416,-0.174025027841341
2.07556746159685,-0.515561330392707
-0.616392071248044,-0.313124663424289
1.33072967668973,0.747037192924536
1.06278050386289,0.419483519955344
0.777052237056339,-0.340383207285612
1.87648983804639,-0.325861877015801
0.336051414344479,1.28334222042717
0.872641436353009,-0.270256101726656
1.62145378145201,-0.180605480620731
0.761278909582375,0.110230078349277
0.955626824256197,-0.143253457447637
1.06273277842552,-0.146090212653857
1.14632340103451,-0.890400425304673
1.87416316448395,-0.323634833579615
1.20505494168583,-0.929897944727207
0.320870643042425,1.19856068248769
1.75561625449187,-0.210777347543117
1.21578357337572,-0.938332167652762
1.3338583968741,-0.160006891211029
1.43526786505092,-0.167396856639648
1.25642719387479,0.710262097598981
0.787055934673947,-0.338199786909695
2.10353379260188,-0.0202391968686925
0.975333253910836,0.280905622658899
-1.58841031530922,0.129000557188822
1.76494012989143,-0.219587851626406
1.0403264524768,-0.145359019510633
1.0912010942293,-0.855636864469325
1.71111525876032,-0.188814170746796
1.11666963998587,0.505804097513826
1.31218272325453,0.737851656523072
0.246633206268888,0.949728703830503
0.863275333391778,-0.00739386119976408
2.01081258056923,-0.043472566834888
1.9286437360956,-0.07214952824107
0.292250262673605,1.08584063037047
1.00039373506991,-0.798899534493746
1.91143550793552,-0.359306939662145
1.79460676275183,-0.148193473288422
0.855805251827886,-0.605081928333576
0.697149766864992,-0.358875241023009
1.49448269342375,0.826980279983799
0.909190023359995,-0.740076515702223
0.646015213331227,0.181605868569376
0.245196466782698,0.380474296885478
1.76726754115489,-0.221791361507786
0.8580139810644,-0.393401370156264
1.72011719779734,0.92912525143925
1.65600167982914,0.901631143087477
1.89687698146766,-0.086506015687591
1.99967472668478,-0.04683721395384
0.67818323609183,-0.363795235556715
1.36465275325185,0.763849305497811
-0.135948677194246,0.309112487916521
0.967245394207003,0.26776800581847
1.04468870811202,-0.826909764157067
1.82859299041499,-0.12523685098989
1.88906423973326,-0.090368309477334
0.856966101384644,-0.527490748808111
1.18948669954706,0.62673925589026
1.21846537055667,-0.940583405097893
0.857915906047792,-0.407550972384045
0.32455106143669,0.359634750589463
1.10755495539245,-0.147727213760777
1.24703512798991,-0.15462301521085
-0.575916770571806,-0.841489425276891
1.81639659109465,-0.133254629384269
0.152140025677808,0.356428651943509
1.98160183587684,-0.426617494597894
0.820706982096551,-0.789623070614787
1.64664331020626,0.897444192898385
1.63417388414297,0.891816680803601
2.01677267155312,-0.45999900942226
1.21173575470322,-0.935048387295934
0.328366206322051,1.233560253731
1.18819262496987,-0.151595642462393
1.85587271029155,-0.108447347939261
1.0806793196683,-0.146703342526226
1.39243893797484,0.777597673644824
1.13776096429701,0.540313355674861
0.897240126389736,-0.112630383357229
1.36773835496567,0.76537848821672
0.805108471870552,-0.334280008873716
1.01372302985139,-0.807385053648861
1.76808129421494,-0.166966427346982
1.20853567773873,-0.932542709600443
2.10349333455548,-0.541333162795364
0.85455276755443,-0.675826900586654
0.877751397447597,-0.0524725506769305
0.674033579761077,-1.23051955089404
0.271531330489053,0.399728936779602
1.99134179047412,-0.0494234325487416
1.02972635447416,0.367814553399974
0.304449514503897,1.13172075309276
0.26424323233442,0.996165226470895
0.827309342206771,-0.772468083638035
0.897708323384514,0.153410185728366
0.878103667816476,-0.719816472473511
1.59793530618216,-0.178521662453845
1.41715187559346,0.78974556116464
0.93140181478895,-0.75450377513312
0.189416193153607,0.366024489427449
0.889179039637584,-0.727045137957131
1.96054461139972,-0.406434482585143
1.44914362187427,-0.168376841218765
0.857186737647219,-0.506392784644466
1.30598902384944,0.734785102198544
2.04146010665331,-0.0346678435707942
1.22751991423454,0.751437575032676
1.1534318607834,0.566264820095428
0.906953413622975,-0.142700589013391
1.01815660044189,-0.810199244088588
0.92704898269743,0.201861991751623
1.43260825517545,0.797283128100001
2.03323461595231,-0.475544768227067
1.04352144365339,0.389364214450136
0.793071780650424,-0.336891186671943
0.858413414387659,-0.336833031553884
1.13315398470879,-0.881964487511517
1.7704873599365,-0.165250541036425
0.797084736046158,-0.336019713209269
2.08025940638533,-0.519964465253167
0.249830816197901,0.381679875035506
0.264528940468122,0.460119401637753
0.993714685148566,-0.794635782509821
0.610941372670213,-0.385869803158547
1.86253074886842,-0.31250696230531
1.85089914489584,-0.301397729240116
1.9206344631986,-0.0755805963257477
2.02753906409986,-0.0385855835161114
1.80911749984289,-0.138169693340668
0.584771213776865,-0.397211797632434
0.771354147704192,0.103994269147954
2.06633512960554,-0.0281204210796027
0.849702438478523,0.0737161140538553
1.33690020336982,0.750094188131722
1.87881664081998,-0.328089252312256
1.49541414130687,-0.171469937895535
1.59324582018712,-0.178121016268759
0.895039000322776,0.148995189014647
1.81599048655377,-0.268167603609872
2.03032566392356,-0.0377899079123433
1.90211674887095,-0.0839943697553589
1.74891230688768,-0.180703758259772
0.855052016179358,-0.64751292222276
0.833965637812602,-0.755327205518668
1.12545408233125,-0.148522988471673
0.271868997009843,1.01828076574407
0.849615678864528,-0.715455338736317
1.22206000491419,0.792328927573911
1.26881047074587,0.716389123871379
-0.667874333163133,-0.208229382868362
1.92077664206017,-0.368250969090313
2.02382538539386,-0.466658452079141
1.12987387707566,0.527356264291146
1.08676823135745,-0.852902123760575
0.980341727561794,-0.786077257796049
0.87903013628724,0.122471036892851
-0.764174682643372,-0.0462409462364449
0.26728384594889,0.435917325073187
1.6995254589343,0.920538153813958
0.847372968564411,-0.721133130170603
1.17473697786622,-0.150931604184002
1.0980012133509,0.475596997506562
1.21855413708325,0.673896073155001
0.114995955658373,0.347030154797598
0.886959245619344,-0.725597349046976
1.91797364240111,-0.0767476033983975
1.20857415073409,0.92273739348853
1.55588762649293,-0.17524687258512
0.855683345762156,-0.612144234247882
2.11994530994119,-0.555558038232606
0.854322574951763,-0.689971831434761
1.9769217099697,-0.422141694324523
2.01917581596734,-0.0410054348290372
1.47228233793859,-0.169970677634636
1.75129966063623,-0.178985389444719
1.56987338121079,-0.176250261646451
0.224351584788446,0.895711965667684
1.16160783553522,-0.900298478724045
1.57179249676247,0.863130719619986
1.62794134658997,0.888985217971648
0.376099034031956,0.331728831803636
0.857524102876876,-0.464109577755814
1.95561273153171,-0.0615129195004298
1.91844039369576,-0.366013157215348
0.298448667591277,1.10868787251025
1.8942663881533,-0.0877806303183279
1.54378491932625,0.850121582499201
1.84391940705241,-0.294742502196373
1.08964539657158,-0.147025996726189
1.17029011179529,-0.905980677820425
1.20254484900096,0.648232730242858
0.857574020546434,-0.457045547311194
0.836193666456561,-0.749617200471604
1.43879656846619,0.800285970144306
1.6372905039377,0.893228051124017
1.00706370493618,-0.803149923254221
0.553051423546412,-0.412902624759549
1.47287003245965,0.81668476385743
0.856560000094485,-0.323144425990509
2.09194722910199,-0.530828744528529
0.858112362718464,-0.379249441671717
0.256374584196498,0.532991560026714
1.51600692075798,0.837135958651964
1.74628353915242,-0.20198380829381
1.87183657954058,-0.321408180260079
1.17889531619574,-0.911671128047291
1.7393857916944,-0.187589183800724
0.791498564996853,0.0915249927088404
0.161454778321946,0.358820450699508
1.61203395508261,-0.179759842673031
1.87105949959664,-0.0998376908053941
1.99565149832825,-0.440004287200873
1.98027330769477,-0.0529720617485891
0.876361207330582,0.118042659918062
0.579640361059075,-0.399594918919831
1.51908264540373,0.838579445227337
1.91376982404671,-0.361541231539834
0.880180010940341,-0.0599865249524405
0.964519634344658,-0.143405021181038
1.34764024813009,-0.160992256260741
0.929181578550398,-0.75306349149569
1.01874337472497,0.350549518384572
2.10479764308607,-0.020020166302624
0.9537985418501,0.245828184266913
2.06084513006442,-0.0295020949294217
1.64977045457937,-0.183180264948051
1.46977417198552,0.815203060944845
1.120978272823,-0.148315344721496
0.258234681444036,0.979687459341773
0.591028989287704,0.215206068645337
2.03088188872211,-0.473322164932239
1.19552191165628,-0.92299582125206
0.289862984318157,1.07730935135919
0.811615197625008,0.0790708349073869
0.961862262498642,0.258999293966005
1.22640137601938,0.759630980594604
1.40479453471377,0.783683912414847
1.89166211814504,-0.0890680100473322
0.964553044962401,0.263384837192508
1.35231604338209,0.757734068130149
1.58856172025305,-0.17772815651788
0.370963998577333,0.334484208965387
1.50468095157361,-0.172040488565133
1.51396574608002,-0.172602484057523
1.5186151755291,-0.172882887503558
1.55310121434116,0.854456467219178
1.64976213016867,0.89884328737759
0.966971453216812,-0.777490762579209
1.00484151939295,-0.801734737705081
1.55932505720323,0.857348002489834
1.53758992392783,0.847234182014897
0.322845525779936,1.20729461196949
0.314640493600476,1.17238479555586
2.07321943884506,-0.513351698701299
0.254138290319043,0.553160332916616
0.263729026840526,0.385294543378934
0.902941187052973,-0.157670363181808
0.806589540840744,0.082182169779757
1.83843236333575,-0.118992385821236
1.84587068038511,-0.114411841713252
1.09784412934615,-0.859748599976758
1.79943904204815,-0.144827289149968
1.05454730751868,0.406577229905212
1.19468061844241,0.635352595060725
1.78012545190952,-0.15839740417519
0.264986007610777,0.456080751557047
1.38317372258734,0.773020586231811
-0.807614894749327,0.0245548109242912
0.856597230457757,-0.55568418836116
2.00268489278752,-0.446676802132914
1.88347085430554,-0.33254483686046
1.73155918059369,0.93404356209237
1.28739612295192,0.725582933021717
1.12196149059169,0.514421554531867
1.75847721354963,-0.173833196047145
2.09890416399066,-0.537192795149922
0.598638260196073,-0.391033326179013
-1.06495151403371,-0.329018561397392
0.4521394899344,-1.4254003943232
0.295378128261778,1.09724464214505
1.23361751709481,0.707722324343039
0.606041632217334,0.206125509211901
-0.732262521232201,0.151688670473046
0.841752559540831,0.0604263317806807
1.23323379112973,0.710454065534074
0.665973813462746,0.169252621616229
-0.737799730690615,-0.0893284920139908
-1.06192218598476,-0.0521786795117585
1.68096209976909,0.91260497852078
-0.254256698520521,0.300601118951278
-1.06224052664039,-0.295835993121118
-0.651534976082606,-0.238791031067513
0.252343272924127,0.569275596533884
0.771635134836707,-1.43594953928554
-0.292278360607597,0.298692849504422
1.25023773371389,0.707197155287388
1.86485714328271,-0.314731297739832
-0.628872751706471,-0.285064412191292
1.37065848781716,-0.162671439085322
-1.08982672791884,-0.0487967908129201
0.510152899588124,-0.440207702013578
1.10668930428225,-0.865255055594328
-0.0144979054233447,0.32121091355028
0.905718866187829,0.166648243696327
-0.571599174147746,-0.475193390160958
0.773062671060261,-0.34125718396668
0.569507644825623,-0.40446654754913
-0.093718120004871,0.312565367850951
-0.672927160004077,-0.199094968517169
1.15681632814391,-0.150055119871322
0.751291199879692,-0.34607453553092
1.88812631137526,-0.33700141153431
1.1482281514961,0.557615383703764
0.586490511508726,-0.396425227122123
0.874662520098784,-0.262748866342761
0.977878486535579,-0.143665912554346
0.998168273018707,-0.79747966292455
-0.563051345231947,-0.764738981243242
-1.06472225975609,-0.326270789564718
1.23246691417505,0.715917089953688
-0.564426761896424,-0.535491946724882
-0.249512747765181,0.300864973492981
0.845132941486386,-0.726817786058998
-0.688436103843145,-0.171751915872757
-0.578963611896199,-0.431412412652156
0.335038551876088,1.27451236138918
-1.06091393800467,-0.279131734627438
0.842895016984426,-0.7325093113495
1.11552280248441,-0.870794332246234
1.46765539409515,-0.169657692533907
1.68755316660242,-0.186635167058943
0.251891978184414,0.573301808296593
0.644823773519154,-1.23932007475614
-0.646815427457141,-0.247997823148099
1.84836206237439,-0.112905065941841
0.862760519311236,-0.709781020095745
0.775839227133994,-0.910360218460788
-0.560342454281146,-0.73137368925572
1.9488456345394,-0.39519265503857
0.695242589407431,-0.359358099812252
0.924741064290463,-0.750181574385165
1.06016397697189,-0.836521555058917
0.0642835599413046,0.335268508194242
-1.06026036509398,-0.270766621474921
1.21454896359923,0.854563933730687
1.00261817652185,-0.800317918015717
-0.565389045263398,-0.525987503288112
0.687965722590035,-1.15928481643983
0.757197205851368,-0.344757813487072
2.09982315917626,-0.0208979829144756
0.706148465053477,-1.10713121379556
-0.747205926530884,-0.0739487020452589
0.675296783224882,-1.23316597572875
-0.640666885199584,-0.260307901233033
0.270569178201098,0.407755543865564
1.34923300638928,0.756205881228793
1.4815339042065,-0.170584220351587
-1.02246522591373,-0.0459043319144305
0.814164491634646,-0.806802834640509
0.556292684954217,-0.411184213085491
-0.558892836203042,-0.700860350366154
0.761327850370917,-0.950818164763966
0.7634014190145,-1.41813820201718
-0.653128287079109,-0.235726536886526
-0.779253613136936,-0.0216489350532999
0.600387752046308,-0.390280479565635
0.829040822466487,-0.329104436918656
0.499740817250172,0.266961355891437
0.67254829004227,-0.365316746983617
0.595148956565945,-0.392552681305422
-0.457477786482551,0.307130786391964
1.05795103133517,-0.835153153976138
-0.599400546091827,-0.356530170246918
0.674423260825287,-0.364806770158218
-0.696156610255452,0.293195096924201
0.233318490674819,0.917249331347187
0.748800989588638,-1.38658640917055
-0.773599059513879,-0.0308681187553708
0.741502408665551,-0.348280059817319
-0.643414231954875,0.241905242076502
0.741133975858904,0.122697833782496
-0.739592389675096,0.140949379339529
-0.697280514928546,-0.156565202108423
-0.642188396724934,-0.257226500831854
0.0504396268170646,0.33241624519031
-0.659597049693449,-0.223487924759516
1.21685963072988,-0.939228043711824
0.707150694715471,-1.29934008468345
-1.06922043155333,-0.373715369703057
-0.662883845635321,0.236513674285083
0.628434873756124,-1.25507767408094
-0.612444770146193,-0.322471589084965
0.751019273361506,-0.979768209324743
2.05441132127163,-0.495575949772824
1.48214673028516,0.821114827481523
0.509311676632161,-0.440882936870714
0.283301994633686,1.05465572694438
0.864936824083702,-0.711205796768416
1.7904629415239,-0.243843007336558
1.4630276613334,-0.169341271031876
0.714816097226442,-1.31520016611333
0.535599967140406,0.247488506832746
-0.999715840895237,-0.0375673939409608
1.22665193998696,0.686712828972139
0.673797641833685,-1.19989603909323
0.6074137719917,-0.387318485354534
1.96926714629388,-0.0566606992871159
0.856696893681909,-0.548629665684225
-0.679755154214457,-0.186935711088003
0.672771727979982,-1.22787322025993
-0.604472561509341,0.252732224775698
1.56521000136492,-0.1759060623837
0.776391582871587,0.100876351105536
-0.662884554535731,-0.217379291256649
0.858161692118519,-0.372173827956047
-1.60577150030813,-0.0256128301936749
0.773758396910468,-0.916134146365804
-0.588765797705762,-0.390835776345782
0.796531109891854,0.0884094443826416
-0.805717355705869,0.0214685355019159
0.854673963880942,-0.668751465240352
1.17675461922459,-0.910248595482894
0.632277953537339,-0.377728137077486
0.880313178153891,-0.72125961820227
0.52358697115653,-0.430387211589933
-0.794356578139071,0.00296780916387352
1.12993130656085,-0.148735416510538
0.252793348544664,0.5652483206132
-0.572557098992284,-0.827006483006222
0.226636370894729,0.375651772957179
0.6981955007014,-1.28080862742098
1.09262590554527,0.466951500071717
0.70816778096125,-1.10134193174648
0.856881652220775,-0.534531635585971
0.857818215962398,-0.421697184215503
1.19718647081313,-0.152049272313257
-0.560538381535893,-0.734421067703888
-0.766060015407589,-0.0431647494789855
1.18370377036525,-0.151372443420066
1.92311351587467,-0.370490096084753
0.714232757063025,-1.0839752662902
0.458608595818441,-1.41907035111079
1.93480590578799,-0.381705178724176
0.892363216444126,-0.0975851879290978
1.17921895606161,-0.151151278208583
0.655844505338695,-0.37007007533699
1.08455079580325,-0.851536177392247
-0.713585026392417,-0.129170411308445
0.74540992498856,-0.347395713853521
0.576243217763417,-0.401203110040368
-0.559501818453954,-0.716125196962934
1.14851235943158,-0.891810570608128
1.93714555773296,-0.383951570731426
-0.633217115135841,-0.275757117966997
0.699474120639926,-1.28345628433883
0.856160153434381,-0.58390884829376
0.864563645662742,-0.300259092576956
0.545751501102649,0.24177543277459
0.521181353980611,-0.432028722847282
-0.112445046870806,0.311017229960318
2.01442290084926,-0.457779529422148
0.858425186408613,-0.706941935926026
1.07170702426045,-0.146392746359396
1.96522368812676,-0.410927497875321
0.4275027702259,0.304674809016291
0.508529045208749,-0.441518597169188
-0.573938590835364,-0.459456065164988
0.863015270193732,0.0958789771598366
0.133538998568732,0.351682775589797
-0.561388958193839,-0.573223607621461
0.83694155118849,-0.327396767478475
-0.273262069499147,0.299606857020326
0.641271086312823,-0.374645738191806
0.661190556117743,-1.22358118073833
1.42642359633159,0.794273431322137
0.975883548750288,-0.783217592456453
-0.561590513162272,-0.570093528334602
2.00524077519145,-0.0451437348381687
0.853692356632116,0.022727922920939
0.105752893465635,0.344760278904294
-0.585424140530438,-0.403359915023083
-0.354145332252541,0.296220382744243
0.683917103549203,-1.17088868310649
-0.875095204189601,0.00911509788811259
0.831741748847939,-0.761039307294306
1.07124194568143,-0.843349812827075
0.743454868637519,-0.347837469951967
0.767094509929961,-0.342568821744103
-0.809513976762003,0.0276419864357386
2.00972540766471,-0.453340063177577
1.715820704615,-0.189254955082598
1.12723934195547,0.523042613146938
1.25952247990522,0.711794059132447
-1.94037370532279,-0.244640280022088
0.832996389674434,-0.328249622569899
-0.00520951334897577,0.322597439510097
0.683846257109972,-0.362296782321696
-1.48985290458965,0.00584037524928047
1.0424797802299,-0.825529173009903
-0.516994583138793,0.277091758777651
0.234844102132475,0.717927227745416
1.99411688672194,-0.0485548252982936
1.22493044844252,0.770546019622153
0.733717032764995,-0.350060727244049
-1.05982933509958,-0.265187603216594
1.78583053040397,-0.239428346432298
0.615307962234542,-1.26769598276579
0.508398043122986,-0.441625713696312
0.69333746957334,-0.359842888378555
-0.706678047677948,0.189320500087984
1.02037169513013,-0.81160342507713
-1.05613146224598,-0.214909327448467
-0.809606410361504,0.0391716649174675
1.7465274238521,-0.182423010880572
-0.638548818719474,0.243254472466552
1.84624615543658,-0.296960118125529
0.3124908722899,1.16365684771731
0.609176471647484,-0.386591281540872
0.831703608493116,0.0666394536107901
1.57453941387223,-0.176604679625404
1.69227046865086,-0.187068656217165
-0.695498874977657,-0.159603451440603
1.13535288232108,-0.883367512421811
-0.645262716927583,-0.251071519099436
0.508332482202743,-0.441679398764744
-0.560500510853786,-0.588873929075038
-1.05117138438201,-0.144417981360474
1.05824672543616,-0.145941193705291
0.978112529586076,-0.784647772760536
0.794786781133112,-0.858545192575564
1.89744287633128,-0.345917880441937
-0.708097751538463,-0.138316255469021
0.543533601138504,-0.418138909450972
-1.05474321351386,-0.195271947229807
0.693086604769473,-1.27022003771223
1.48615939096559,-0.170884072929894
-0.858254090372429,0.0157819149391894
1.29979213535801,0.731717486616088
0.621572812912717,-0.381672732646178
-1.04554082575112,-0.059833443837071
0.846765715871021,-0.325270356168626
1.551227141066,-0.174930622288662
0.0133745073184003,0.325597525175869
0.803362013517349,-0.835526861734098
1.0818296962467,0.449663811931531
0.386364814817342,0.326252702688278
1.18525472198249,-0.915933962060228
-0.777368481242305,-0.0247221937921757
0.625132324109829,-0.380328398413317
0.657684318513777,-0.369524471117976
1.31551076338994,-0.158726368249212
-0.578339305478464,-0.434520087256913
-0.188079573104177,0.305030320859502
1.23017104507639,0.732309091381121
-0.754745389398493,-0.0616330820918093
0.124258639280643,0.349340829026247
0.742787812311009,-1.00294783082612
-0.565500367963459,-0.785710944352053
1.28805750179355,-0.156929548607972
1.92778902158412,-0.374972365138585
0.654645074007065,-1.22987534856334
0.258621920005828,0.512778981481598
1.19729143499991,0.639651275259863
0.689261760678382,-1.26228038573013
0.319383806408892,0.362443819345349
0.718284316844514,-1.07239947507474
0.274608196260437,1.02662180532832
1.03138651974462,-0.145078475988858
1.16129691995915,-0.150274989540626
1.78495015165678,-0.154982365233728
-0.671236246806037,-0.202138126202338
1.111360410454,0.497183702445044
1.08453429444155,0.453984101497228
0.823087606581624,-0.330390845096206
-1.31730194815035,-0.0217368170099772
1.14300309156721,0.54896279322184
0.338408854850665,1.31293481981922
0.675820107611504,-1.19409647398223
0.00872862367733892,0.324821117862475
-0.570204674084042,-0.815311199941376
-0.56906616868618,-0.494215181779457
1.21072485064762,-0.152745728584777
0.871498637513684,-0.715499214112178
-0.730298149351942,-0.101615959316621
-0.71175036955376,-0.13222114022116
-0.688439666046294,0.216275516754618
1.65449426089112,-0.183611434488672
0.902518685036034,-0.73573580966389
0.77792316261441,-0.904590208478771
-0.602706974065508,-0.347250323267572
-0.221147313058609,0.30262063054326
0.825074621203108,-0.329961461910917
0.8408771147372,-0.326545484661003
1.19991265938409,0.643944541238546
-0.805897504683415,0.044524932802161
0.669756435456329,-1.21149085900751
0.185015740983473,0.922892564058023
-0.580268013672175,-0.425194465633463
0.24056007110946,0.37926853571792
0.286620033160185,1.06596289524619
0.884741394806755,-0.724150327474729
-0.629842728911516,-0.977445940745084
1.04928057778763,-0.145647156275993
-0.558375499332873,-0.673229879204487
0.720313016523918,-1.06661297357442
-0.567514306573492,-0.506929729570321
-1.04602445861132,-0.0682214138213254
-0.60158358103674,-0.350341474573715
0.782102931663142,-0.893063491981286
0.710188067874449,-1.09555289204938
0.926961358168838,-0.751622769707011
0.110371964341552,0.345889502840061
0.960071595078654,-0.143327009436127
0.699058915634293,-0.358394302359755
-0.349377703209748,0.296388430145076
0.270006219429402,1.01273568119372
0.757201415341551,-0.96239162045008
0.791065809171744,-0.337327225686493
0.530507740587982,0.250317566461859
-1.43828013375978,-0.00371069235973412
0.786304015269419,-0.881552243414593
0.257271465881293,0.524913150981966
-0.575207626586232,-0.838604851544489
1.70640774985471,-0.188375462341179
-0.225864795922223,0.302305614885966
1.79219173451732,-0.149884345273298
2.06359418295081,-0.0288049111949888
-0.559907113833534,-0.6014124031564
0.911374344409668,-0.142735488878158
0.15679652427371,0.357623489613631
-0.55835835092872,-0.663950960271297
-0.607415050674594,-0.334883151031816
0.535936231438806,-0.422562775769256
0.437795856268615,0.29931833835637
0.865677023384758,-0.0149122654166567
-0.558978064028754,-0.626515861239187
-0.988335980349971,-0.033396859384151
1.97458193383331,-0.419901457935501
-0.570765430712397,-0.818243916617894
0.222142814294776,0.871470400240305
0.272789340661704,1.02105785913616
0.242960610127071,0.649627588078595
-0.604739388267221,-0.924879027772175
1.0623778411585,-0.837888806729118
-0.368437292681604,0.295735834855337
1.15725038918595,-0.89746396710641
0.596891933099482,-0.391790774560817
-1.04654072514841,-0.0766319029878236
1.89045466925831,-0.33923007558801
-0.282771089378653,0.299140480829496
0.254585538642869,0.549128977926957
0.767531902589902,-0.933470687869144
1.6686667791446,-0.184906009661898
-0.583075810453584,-0.867174711089027
0.331588781873553,1.25108839975691
0.766960485521835,-1.42586655986683
0.716319830173066,-0.354152580226004
0.630487922722652,-0.378366977927131
-0.192816242142689,0.304670422445665
0.618590507308476,-1.2645407562908
-0.401694474449442,0.294743579959459
0.775056455768891,-0.340820155047036
0.878705185552655,-0.247732223774286
0.25721089118716,0.976950959997676
0.511877592278725,-0.438848375801051
-0.769829869999863,-0.0370150470816527
0.250937035624318,0.960591022670066
0.834970234714762,-0.327822971179039
0.412065039550944,0.312725513648382
0.855307704654066,-0.633354989141557
0.520037290102956,-0.432825391396232
0.455373379834136,-1.42223473578639
1.08723518862662,0.458305779922708
0.795078162111482,-0.33645534022894
0.904742793048254,-0.737183315681003
1.075677835133,-0.846077940258658
0.829522765367647,-0.766752999447721
0.722343825913878,-1.06082754606797
1.03524006119254,0.376438726899227
-0.335077769586477,0.296910998621733
-0.561183475736853,-0.743552150968901
1.72522745965255,-0.190143831752116
2.06617005132322,-0.506700399867758
-0.559642777100278,-0.607688153693358
0.746901479479059,-0.991358407172122
0.951185777503378,-0.143184313309182
-0.169098141594583,0.306493264138526
0.540449831775727,-0.419905101174462
-1.50707763302126,0.00914350483093112
1.54656650361816,-0.174622181314068
-1.05513932472703,-0.200891318585531
0.528807992739604,-0.426966752084096
-0.582366280593205,-0.4158526676226
1.69337592232979,0.917934474777391
0.525404457082978,0.253129079625477
-0.562488728951411,-0.557555706279906
0.889923592183281,-0.0900622723394934
0.799091280183141,-0.335584334749171
1.16891134527548,0.592181940506714
-0.583858768246228,-0.409611529353686
1.82995418617832,-0.281449244390213
1.95820499164392,-0.404186919160154
-0.959883265504958,-0.0229519064642749
-0.783025324940273,-0.0155005793987191
0.634993651241258,-1.24877214340363
1.04910727186588,-0.829664780240818
1.79973264864688,-0.252681397716947
1.61859167575088,0.8847167697377
0.856266112635264,-0.705527775899476
0.260885879134702,0.492515075073335
-0.734045601151893,-0.0954743068883572
1.20518821761342,0.652516449982155
0.870492423067867,-0.0299385899293409
0.857045016975087,-0.520455337553648
-0.574950857481866,-0.453198902130434
1.1221411261181,-0.874970322817972
0.733816950123625,-1.35479092947398
0.872907210834547,-0.0374493171710419
0.865683601759825,0.100313129737016
-0.706280047911258,-0.141361001578231
0.949172337000706,-0.766011725632158
0.815115619326191,-0.332114170537746
0.773927961784303,-1.44080356609505
0.249611124332904,0.593417052575507
-0.717270040727837,-0.123062063074078
2.05911578841626,-0.500028788251595
1.88579839389929,-0.334773002512396
0.700753157242221,-1.28610404225862
0.902105852176282,-0.127668595865757
0.855925416279124,-0.598022565873219
0.676561294279375,-1.23581254406005
1.42140702451069,-0.166403377580485
0.84704884916064,0.0692860017441483
0.0781059352742976,0.338283499342469
0.988850013713677,0.302770467963858
0.685924030784902,0.156887677577138
0.246807373206097,0.617526054735041
0.856493240575701,-0.562740220401578
1.8532254845138,-0.30361781727595
0.987029476107298,-0.790360918851743
1.19351328923263,-0.921590644429233
-0.45599822848272,0.326615149838547
-0.791086459879556,0.0659364999435698
0.26636155653609,0.443977722863401
0.744844015789574,-0.997153430575975
1.74414485696269,-0.184143448228373
1.02701098959568,-0.815803779788022
-0.982644649147653,-0.0313103362738891
0.53018648961547,-0.426092946282732
-0.75285977090941,-0.064712473352057
0.540681133648415,0.244641247699062
-1.15153065811908,-0.0416968932518964
0.583056355332667,-0.398002280660216
1.2068255949962,-0.931233485027174
0.973654879747072,-0.781786765830421
-0.561011061031402,-0.579482364244517
-0.702662255715461,-0.147445955554047
0.260263359249343,0.985169137729618
-1.03954046432141,-0.0521642940267461
-0.627445044680811,-0.288173576499803
0.803103375223127,-0.334714449418126
0.634070638459929,-0.377096812781383
0.74736763644226,-0.346954697824931
1.54190562314055,-0.174320632187729
0.559561255718439,-0.40948104177895
1.64032525740105,-0.182318877871816
1.74861638191265,-0.204179532067738
0.517877457616572,-0.434359346559203
2.01359988025093,-0.0426449756945996
-0.558639283619802,-0.691680172457732
1.25333227711736,0.70872983093286
-1.06201797447106,-0.29305547938337
0.593409514209436,-0.393318919257089
1.10335941460207,0.484237930587145
-1.57145755957867,0.0922560704870637
-0.562462372730709,-0.758706916455637
1.75328306997039,-0.20857663010433
-0.698652892460585,0.301283836943002
0.706713772067113,-0.356489753130378
0.626915239110772,-0.379667157749372
-1.06829049145218,-0.36569604881756
-0.56083383413047,-0.582612042231538
0.191931633051243,0.916040769672611
0.0965279024046867,0.342540771872288
0.29145859469124,1.08299489589088
1.10005668358349,-0.861122371934901
0.747563558604256,-1.38393658924739
0.29996473473206,1.11442685809581
-0.546119873432698,0.268998228262477
-0.762289074953397,-0.0493180547018348
1.22431543199507,-0.15345000988069
-0.567892411493255,-0.503750636084596
-0.568134256678024,-0.803526107979596
0.765461532309412,-0.939252072834931
-0.44442691684842,0.29362202608108
0.852643214687055,-0.323995441703042
-0.458354531601435,0.296760966981491
-0.140667929399404,0.308734162823821
1.15069955948753,-0.893221968438412
1.80669427645399,-0.259316478996313
0.858311123556336,-0.350958883057538
0.636026674816191,0.187770174247795
0.813117334291002,-0.332546383025659
1.07640894801677,0.441028942147026
-0.04703458323324,0.317026495945004
-1.05635631999932,-0.0528674559021415
-0.674624544547644,-0.19605331572426
1.19147939768856,-0.920181043543234
-0.5647394471103,-0.532326434501302
0.0688929999290089,0.336255754789458
0.819106151749007,-0.331251367477155
1.83461004276728,-0.285878433816678
0.260432010920649,0.496570305876185
0.692011667102296,-1.14768502799502
0.589941936420743,-0.394863964139334
1.61547423304471,0.883288589096126
1.09412544771454,-0.14719340409287
0.68195568875603,-0.362793920507003
-1.21376530161918,-0.034578561946217
0.269619023470044,0.415791889293056
0.687635428021591,-0.361309063403983
1.12654944844534,-0.877763406824611
0.637664599778617,-0.375856585254162
0.885047268469173,-0.0750204457256084
0.860876688565193,0.000129308541446344
1.77655982048084,-0.230606977217505
-0.569661591136528,-0.812372824676139
1.31527777644265,0.739384222379272
0.788414335484992,-0.875800150915202
-1.067064816047,-0.353307086832073
0.261340153507075,0.488459805868197
1.73929003154852,-0.195411348179674
-1.0482174675036,-0.101974865431091
-0.852639338048126,0.0180222049819171
0.257720893323156,0.520870770466538
0.969939458815934,0.272149010843244
1.22885421003297,-0.153684449265209
0.770475278095718,-1.43346325588023
-0.743440424651674,-0.0801030652825072
-0.164350626120451,0.306863114868477
0.984800326750804,-0.788933901244009
0.818519631028056,-0.795346006471069
2.01912305056452,-0.462218553391286
-1.06047734439853,-0.273555549837432
0.933463811511314,-0.142949614394356
-0.562751055131931,-0.761725241960002
1.04903928406447,0.397973100961942
0.26914782463323,0.41981349100053
1.86851289412689,-0.101242369042317
0.855434414572578,-0.626280573857355
-0.559772361326986,-0.604549896549064
1.78977731290769,-0.151579773053007
-0.688669145888164,0.268906517669455
0.87589779708431,-0.718375170903642
1.41097283637096,0.786718112876059
2.03311130771129,-0.0370000134714619
0.309053065063717,0.368061662353766
-1.55869238140932,0.00472774494562947
0.166114362804405,0.360019047391921
0.221990414616664,0.374446841219964
-0.686686740487073,-0.174788376915168
-0.0656843703976189,0.315076607839801
1.75608210628018,-0.17555029521194
0.232709497162944,0.737996977376461
-0.550973124741331,0.267647028646809
0.305927175176929,1.13750999662855
0.991486793917152,-0.793211945701834
0.0365671627148454,0.3297290677463
-1.32307666742282,-0.0209864973942981
0.893622919125177,-0.729942072484137
0.228692922614436,0.782269315955638
0.23107409143046,0.911855845582583
-0.704468195520454,-0.144404159830244
0.11962490979059,0.348181004942438
0.518935277626464,-0.433603046152802
0.962518419832654,-0.774624043350662
-1.55619005929963,0.0541904468061001
-0.559361390288737,-0.713074113317005
2.08260267900786,-0.522156029460633
-1.95345877928221,-0.25297220297957
-0.55981040696164,-0.722226060355267
-0.107759005697622,0.311400809519984
1.9501842207577,-0.0635385922727561
0.302217899095203,1.12305929395288
-0.611160079255426,-0.325580313574697
0.854601506554988,-0.323570101937197
-0.45550735481456,0.333721854307306
0.208040375393172,0.370834939450908
-0.240038908001393,0.301415335665388
0.779049877866404,-0.3399463401294
-0.628513842740788,-0.974893174697386
0.588214129994497,-0.395642600757073
2.0525609528738,-0.0316607823012188
0.790531654235562,-0.870048907159917
0.785052431942381,-0.338636268818484
0.538929096183164,-0.420790428244526
0.679093965964451,-1.24110612325705
0.138184798434635,0.352862804192204
-0.692086598530605,0.21087976605455
0.898070229249181,-0.732839421891261
0.85501983612186,0.0825787757582991
-1.05814886517847,-0.242861013213991
-0.580948522608301,-0.42208294404739
0.856274180918036,-0.576852807631708
1.23285027028069,0.713185611461745
0.781428401925821,0.0977586851592077
-0.159605180681005,0.307234404556469
-0.699900689717077,0.305326117472418
1.23400151015793,0.704990250376746
-0.558355925881164,-0.667048004840548
0.554668437305887,-0.412041555365763
0.892370337413982,0.144579047277244
0.514989864108349,-0.436475681233221
0.953618954369295,-0.768884458807239
-0.586233512616676,-0.40023081475355
-0.637655368539963,-0.266478847954819
0.858519094846584,-0.322718324901242
1.20323130872485,-0.928542206023115
2.05205873088156,-0.493348978811354
0.621872609999753,-1.2613858878157
0.7716803113151,-0.921911138189523
0.530154112699603,-1.34968830925034
0.929043205162632,-0.142900556893428
0.657917793795096,-1.22672818926755
0.526134825654326,-0.428695065707155
-1.04523976183276,-0.0542546714401672
-0.560663802401143,-0.585742466221835
-0.0284304953899894,0.319289002002253
0.611041448625018,0.203083688853521
0.895846301575319,-0.731390789803082
0.796923600087681,-0.852791621901283
-0.750974563475698,-0.0677916662677073
0.263258189437592,0.993412309000921
0.309591357224658,1.15202319378239
0.780010802294224,-0.898824626392887
-1.95782029815793,-0.255747864739991
0.171196954968803,0.936668926648209
0.288424717018773,0.379290483308062
0.481306803873825,-1.3969508884993
-0.925827999096426,-0.0103267655753851
0.325995681207011,1.22187714606735
-0.719766982381384,0.369815709794422
0.999688057019414,0.320212725135408
-1.15715454110216,-0.0410654887173328
0.714395421369123,-0.354616150476963
1.00908154547031,-0.144424935915526
0.817111947770656,-0.331682491500166
0.919056753180116,0.188671674598718
-1.54882384167357,0.0349957201506804
0.635866133741056,-0.376472980453605
0.959172933089786,0.254611280843737
0.514129181318502,-0.437121937142906
0.867118757877803,-0.712633884118775
0.682900828230103,-1.24904700630573
0.128896805584022,0.350508451208372
-0.358911729221676,0.296055463818199
-0.765297757952206,0.103389788453961
1.21586443522196,0.66962291270018
0.571184036173771,-0.403644761596666
-0.68494398497312,-0.177824814101371
0.327199614443403,1.22771773169885
0.722102794724054,-0.352773166588242
0.194074469950048,0.367226697279974
1.21320138739125,-0.936222013860929
0.971426601616532,-0.780355332637471
-0.560343536471031,-0.592006619390638
0.951395402173819,-0.767448327855193
0.303707790777833,1.12883047120783
0.668809031890345,-0.366346023462353
1.24248689380178,-0.154387234675449
1.00511613771313,0.328904648303411
0.562850579405585,-1.31815739228371
0.267747122012915,0.431889158476588
1.15288498934616,-0.894634653175117
-0.56590299350924,-0.788690344230833
2.04264683841439,-0.484442524277124
0.650349873568762,-0.371739481087576
-0.453920524649118,0.293352588496301
-0.178593473514309,0.305758058016329
0.702882820341741,-0.357438178487039
0.700969957035206,-0.357915280853386
0.855180025849823,-0.640432850934977
0.731066227648173,0.128928897936605
-0.560958723327729,-0.740510767231551
1.70169785313607,-0.187938516797457
1.3522386697637,-0.161324617280187
0.572865474483595,-0.402826939159804
0.680067970557649,-0.363293367422781
0.247279949052579,0.613509800441299
0.661376384693046,-0.368447922502089
-0.564736076510689,-0.779740145760633
0.769604821962375,-0.927690243672643
0.920208746891181,-0.142812351328052
0.915857354477369,-0.744411199303197
1.96652675423465,-0.0576082414737374
0.857310171473052,-0.492321454458634
-0.230585168617078,0.301999744318821
-0.908867009170077,-0.00393094995626735
1.07345968902012,-0.844713932721564
1.30635027324832,-0.158106952687119
1.18942323269182,-0.918767936495086
0.562854445527811,-0.407793585670534
0.515902742476806,-0.43579815522807
0.694362892930423,-1.27286685425331
0.869306119130032,-0.71406509620637
1.42602557050881,-0.166736101997887
0.659528285078861,-0.368983844477826
1.11110734357697,-0.868020456235949
1.61674214274589,-0.180181238103308
0.827059044102652,-0.329532662693357
-0.721285850570611,0.167803923002305
0.696053894987641,-1.13609104278413
1.01799877210953,-0.144676817397898
0.805515306603794,-0.829773906591393
1.21978044474345,-0.153215229802907
0.689533784632743,-0.360818336653068
0.591673784206757,-0.394089378030133
-0.60385191155118,-0.344159962476416
1.21776155642422,-0.939986593535914
0.246332764910771,0.621541490803466
1.63560449405026,-0.181888952590152
1.18102668844168,-0.91309310141087
-0.456263089090131,0.322915257686108
0.844398915088699,0.0648562627325713
0.944727572021422,-0.76313717199473
1.50004555782201,-0.171756768240243
0.619796061827508,-0.382355573868283
-0.581369728307124,-0.86151238926947
0.442944761807427,0.29664082423176
0.681630941966457,-1.24640004975624
0.577939396487703,-0.400397067087488
0.602140224135824,-0.389532393459009
0.763127756615602,-0.343443848254972
-0.728427561828611,-0.104684928636532
1.80901690065348,-0.261528932198001
0.671511246770164,-1.22522689292277
-0.597299830920853,-0.362732736862044
0.305189270270327,1.1346139886021
1.52792539213816,-0.173447836990147
0.448096679210372,0.293962667053334
-0.45795252720767,0.301426947472585
-0.56677806123939,-0.513286733347592
-0.585754139859924,-0.875613213201952
0.256822720702816,0.528953346999101
0.781049230774677,-0.339509556564808
-0.595277389081694,-0.368952785765708
0.313210218454822,1.16656623929669
-0.558488127799156,-0.648408008346048
-0.560155859869504,-0.728325186596181
0.725966613408731,-0.351862569113706
1.73700874629802,-0.189315143027022
0.54198505434404,-0.419021102977803
0.857473203795973,-0.471170208164543
-1.05713173557814,-0.228894762984724
1.18734751559737,-0.917352047147776
0.453252529424605,0.291282973040087
1.02245912372726,-0.144807771967199
0.559577586129629,-1.32131136287932
0.648098338551686,-1.23617111399602
0.702032510682832,-1.28875179794806
-1.0527605280649,-0.167065150049121
0.170774819042924,0.361218860820456
-1.09542229199013,-0.0481337304894316
0.755139951328443,-0.968181854046101
1.22100987199527,0.800476967846221
1.02422600406716,0.35918529148582
-1.54590445069449,0.0273024055709318
0.750035805340555,-1.38923511802574
0.685739545423479,-0.361801856760504
0.825102001082007,-0.77818460464007
-0.760403241052291,-0.0523959921594874
-0.541267445114235,0.270348485075437
-0.126529898318665,0.309872131654966
1.91531761055176,-0.0779261711713991
-0.679973079083042,0.240565320911424
0.646706977564764,-0.372882213776997
-0.587904503629405,-0.39396818388804
-1.91920648070706,0.544685498092903
-0.98140224943482,1.19941015616374
0.858465806059786,-0.329774973739579
-0.473235497780597,0.289207699205632
0.311045127930293,1.15783875733497
0.0827105611493921,0.339323308643609
-1.05375260624278,-0.181189798693484
-0.773904962394803,0.547095950203876
0.337416159071425,1.29811660437513
-0.954197454145016,-0.020857658090148
0.190549169316167,0.917407842020987
-1.75325879989412,0.367199928036265
0.338838099809837,1.32184179934197
0.85555970804746,-0.619210296930075
-2.3113534037691,-0.467702498590797
-1.55011586863224,0.0102394857485646
0.314217607213649,0.365252868500118
-2.08726231653454,-0.568623150555775
0.643079418346381,-0.374051030970933
1.46667704051171,0.813719178671849
-1.9978581071978,0.613858648974136
-1.04998150315733,-0.12742627040961
0.335730581691713,1.28039562738074
-1.67414097839677,-0.0704278383328793
-1.86618079772609,0.492765508233807
-1.74063416281648,0.352104055941773
-1.63993207913676,-0.047933383586105
0.223302189931195,0.855250644270532
1.14785325741878,-0.149613002844492
1.24095631630825,0.702595711961635
-2.10964812317932,-0.100183713979707
-0.579606423840621,-0.4283041004591
0.261268143556603,0.987914189480563
0.339476002255282,1.3547067806729
0.339296857419464,1.33673121298306
-2.24549122590932,-0.442597812590325
-0.865984407472633,0.848776260840478
-0.904449417069903,0.976980055756337
-2.08887665756462,-0.12844343768423
-0.580130879687969,0.259519232284301
-0.761622474048737,0.108749225294931
1.39861657036535,0.780643520144759
-0.572505955579785,-0.468882638338656
-1.42680838691268,-0.00569932671712025
-1.06779766904871,-0.360937542825708
0.339229394049324,1.33374757078257
-1.63739863867059,0.212642167455169
-1.14591036985033,-0.0423289443467434
-0.693659917381949,0.285101547513931
-0.311287851675739,0.29785504757213
-0.801926302796554,0.0152984991561002
0.458412810551298,0.288600839186005
0.336840969203147,1.475283814612
-1.83227717264958,-0.174945404418761
1.97224228246429,-0.417659798840406
-1.31152669159203,-0.0224815824931628
0.25909609187277,0.384090031330625
0.986791979890954,-0.143861922609947
-1.00170093629272,1.24573322454942
-0.728386593189266,0.39801744866072
-2.09977315538086,-0.641036388272965
0.463577416243811,0.285915402747286
0.638271472651905,-1.24562058084614
-2.06447722218444,-0.378521950116802
-1.05961538383823,-0.262397648604863
1.21027661539703,0.897177156258946
-0.691954553634271,-0.165678407947074
-0.729617481171203,0.40205255506551
0.289058860681448,1.07446955453296
0.255144530258504,0.971486729550786
-0.920323628660771,1.03030220933888
1.2192993933472,0.814029703947362
-1.16278286225044,-0.0404337637292798
-2.30351299854415,-0.464704763457091
-1.5758371477859,-0.00629048776549305
-0.849252404860173,0.793839707239081
0.21404877778854,0.894385889788851
-0.720999364835417,0.373839538565769
-2.10776304756747,-0.102391979384092
0.229353194475908,0.774209427649699
0.226839835393167,0.806515354421221
-1.91423557509774,-0.227974450387674
-1.64824563158982,0.229440769986368
1.21396195856735,0.85995810395909
-0.61440706246531,-0.946186168757701
1.04480178942189,-0.145502265309389
-2.05914250777869,-0.173317650384996
-2.06761480370208,-0.438168027979002
-1.69375557205449,0.293876988206921
-2.09383086118643,-0.121223223492726
-2.00467283840317,-0.258707531698598
-0.103076223845127,0.311786087526059
0.146015946922584,0.962347851337461
1.21700696405489,0.832959074355324
-0.732170924649222,-0.0985457050343367
1.78351403672855,-0.237222122188346
-1.91067815932127,0.536680183941134
0.238914534646085,0.930762716297172
1.5344975537802,0.845791262831214
-0.616903946837816,-0.951464656490617
-0.794809242073547,0.615142325403014
1.227895479073,0.748705477699414
-2.16060924543608,-0.41167623659573
-1.0523633280835,-0.16140687131171
-1.99905424244034,-0.287360888159307
-0.574438435655683,-0.456324872115064
-2.17660090577854,-0.417388443431255
1.04076073461599,0.385057334405895
-1.75537330827712,-0.124053361912498
-0.3398429695856,0.296733658281145
0.712263850228253,-1.30991739114347
-1.81945458972121,-0.166487123698215
1.19207938011053,0.631048484176278
-0.879133676113412,0.891756774746861
0.22476943132679,0.83493385462303
-2.11404296892671,-0.712867353769411
0.507335894746187,-1.37172998413882
1.47596428074206,0.818164092330389
0.821660685169908,0.0728529111257236
-2.06439953806362,-0.415072562708434
-0.621834264744364,-0.300639201108358
-0.615651731014867,-0.948827929869115
-1.71566305985474,0.321631459989857
-1.61005793021421,0.16784695530566
1.16376992108065,0.583544946052566
0.716257602527989,-1.07818699185336
-2.06071716737958,-0.388216818403469
-2.21383846056184,-0.430886058379696
1.39372007800397,-0.164376706929245
-1.06804426771094,-0.363359978082777
0.337565216700517,1.44808655684744
-1.54153936162567,0.0157505201306732
-2.05668420167654,-0.177094635652891
-0.746842986041042,0.458558263227405
-0.559108433736294,-0.706969743899
-1.78660391908231,0.406015713281797
0.732534666371928,-1.03190255636096
-0.574516918160483,-0.835714322198812
-2.09259622203883,-0.123008865091165
1.83926521304328,-0.290309332663335
-1.67048447123476,0.262259342669235
-1.05156866297929,-0.150082288454618
-0.559074599646833,-0.623379848308908
0.272507583411338,0.391710423284016
0.135807103433589,0.973318035444205
0.216826704609934,0.891692238243564
1.20899359753805,0.914266943802645
-2.13724115473268,-0.81879469884213
-1.04802492945078,-0.0991521791245592
0.176714897915544,0.931154289138406
-1.97090385910557,-0.264070357793167
-1.57304984844362,0.0960099226734163
-0.973750469529671,1.1815620604392
0.705871291786237,-1.29669371777831
-0.455653822135519,0.331568228745419
0.197457745731322,0.910590942362773
0.136835789482607,0.972189658373382
-0.790576582025379,-0.00319242804456289
0.922520604437309,-0.748739864011954
0.218217933787823,0.890344482266448
-2.13391840854619,-0.402260743748832
-0.512134920843254,0.278439917753893
-0.79972890510794,0.631121562516578
-0.836205881455405,0.750398150512511
-0.807091298146224,0.655049936402469
-1.95677912742877,0.578719288986981
0.245377703183206,0.629569692738713
-1.67964453867122,0.275029444808098
0.293821771428318,1.0915382400641
-2.26919907294751,-0.45155865871552
1.21963704761478,0.811321759964087
-1.77369703883176,0.391148573902883
0.742590327257912,-1.37333244973564
0.310319163411712,1.15493052743078
-2.09429655302472,-0.610638154999993
0.724033817295974,-0.352317001412042
-1.07306902751273,-0.0508127763930028
-0.458151172760289,0.299104090250208
1.21732647754628,0.830256868959257
-2.21648667962358,-0.431856074198871
-0.406441911049806,0.294616752633652
-0.45593629166411,0.327494157998977
-0.940794671761527,1.09397786759488
-0.6260273633166,-0.291285965288299
0.12811981779015,0.981891268333649
-1.44974344019429,-0.00166215158268088
-0.84806994300276,0.789907227618835
-0.563827026748261,-0.541813606349172
-0.880711799518619,0.00691401593878839
-1.73310323898249,0.342995320227268
0.49431446729417,-1.38433310225062
-0.740692337379022,0.438379835765575
-0.642157075905068,-0.999390212861244
-1.06179594965199,-0.2902733209632
1.25613665476256,-0.155101643656409
-0.719119847565064,-0.120004397783659
-0.723462561898701,0.381891644531112
1.18174839462544,0.613788130808855
-2.07396038158805,-0.150734288626519
-0.583103285947795,-0.41273347911193
1.23786325765403,0.701060507972507
0.227748137571146,0.794377407744158
-1.20237595997311,-0.0359185288582375
-1.84717116186739,0.473003743855389
-0.45504567809299,0.340681427321841
-1.99988612202538,-0.266386079940081
0.58249737659801,-1.29924140070608
0.631030916285242,0.190845657832136
-1.39230872687726,-0.0112709933753495
-2.10410769956006,-0.663746788534206
-0.711109092763313,0.341644917479708
-2.07366336616167,-0.48046152619585
0.254463728123955,0.382885143072226
1.95352549972647,-0.399690323926458
0.964744661415738,-0.776057665268084
1.20859264330246,0.922242428540189
-0.000564028105193075,0.32332032813267
0.149773491475999,0.958422551699617
-1.67504051918853,0.26866777198911
-2.14994053139706,-0.407895476644003
-0.605018401037766,-0.341069322353646
0.201600016189592,0.906522858000543
-0.567142827495975,-0.510108533981329
-1.81266998093845,0.435483102013383
0.585774718023859,-1.29608871202695
0.165712717943929,0.942173292114729
0.690536034023836,-1.26492686499304
0.759263925768937,-0.956603759968001
0.245856184245057,0.625556050409352
-0.627193004733362,-0.972326749161251
-1.8022010573622,0.423742916322232
0.244897408614676,0.63358242622095
0.158945283770874,0.949013192849631
0.504079538913829,-1.37487963885941
-0.121829763568601,0.310253112849814
-0.703642116304195,0.317444565381534
-2.08311279791583,-0.384767019976926
-0.714827606334288,0.353723854500528
1.33381551146573,0.748565903370656
-0.816867747631356,0.686932748549814
0.268113995689336,1.00720188472274
-2.03388599428503,-0.339171586369191
-2.00222413116975,-0.292071036845189
0.161636951629379,0.946284904567039
-0.206996262635271,0.303616240227639
-0.717299638879051,0.361770209401744
-0.886208789303574,0.915095327991053
-0.921490198487279,1.03408517904319
0.242245940764978,0.938885737317876
0.846521060650856,0.0453495452075416
-2.31394714036118,-0.468687600241713
-1.06246358085492,-0.298614699771077
0.339252256735699,1.37885743603762
-1.37500783082429,-0.0138566748196324
-1.52431158649906,0.0124526563697459
0.339024264578362,1.3909768485721
-1.9480351345276,0.570948270318926
0.333448318598615,1.26278346329355
-0.592381953480067,-0.37831479720942
-1.9626290709295,0.583869162355954
-2.20853535362597,-0.428947948523102
0.255479676037747,0.541062949876503
-2.20056598842954,-0.426045570196754
-0.709866910833344,0.33761528363056
1.72749958751221,0.932252878257817
0.33785609929313,1.30404010837041
-0.633683190909756,0.244604819801836
-1.05355431690826,-0.178367854501005
-2.06160391702279,-0.169543748788708
-0.839782798982696,0.762285530033871
-0.937078506860006,1.08282817660599
0.765778804119779,-1.42330211004478
-0.738231875382884,0.430308003692625
-1.61857981194049,-0.0339513462778733
-1.0583550762538,-0.245652831567119
0.32660204684419,1.22479708220925
-1.57794299906964,0.107173235642213
-2.27183913700447,-0.452564994917628
-1.69137331476955,0.290758281644065
0.515166184570179,0.258703376546217
-0.819302835164303,0.69488375876519
-2.04688287976579,-0.192224874924484
-2.00349379265108,0.618357035054394
-0.768989204097341,0.53106849641278
-0.623277569383957,-0.964561517717936
-1.75072539405987,0.364189617313554
0.72437689362353,-1.05504297507573
-0.589864532712601,0.256804713393752
0.730491207917051,-1.03768910701788
-0.561418229926565,-0.746590590038006
-1.22518596607473,-0.0332139906598867
-1.0673074580245,-0.355898493124899
-2.01185819790023,-0.247232779495138
-1.90120407069632,-0.219646613149147
0.70970841646986,-1.30463057308182
1.28429759663846,0.724049921867175
0.0596716719505511,0.334299386595761
0.221005266340943,0.887646000599651
-0.455048195815382,0.340642813650973
0.338708381147583,1.31887114799938
0.339199977225609,1.38188621141997
-1.58305020064435,0.118170603890438
0.204361942542251,0.903818948844514
0.531590352071151,-0.425214517936357
0.73003725241284,-1.34686126626341
0.727901252288057,-0.351409803719605
-2.08118784193802,-0.530288706699915
-2.0638683823478,-0.411226980973335
1.59675690531412,0.874675630794796
-1.00639379225795,1.25626564536119
-1.85799823780589,0.484326507855403
-1.58011956431765,-0.0090446498912479
-1.65275597882415,-0.0563581978479354
-1.47838502094042,0.00365745983689375
-0.571344225449823,-0.8211707871308
1.21484665958477,0.851865089098074
0.224475151272519,0.838998604592287
0.128861517775203,0.981056355332557
-1.21947197825704,-0.0338992527150481
-0.979858575575544,1.19584249805581
0.221287405267499,0.88360556438575
-0.832609969731252,0.738501047029685
-0.869588340276781,0.860525962784414
-1.64388278115135,0.222745546951796
0.175333383283906,0.932533125250809
-1.81518196365271,-0.163662721024684
-1.05077430631499,-0.138753422915706
-0.724693714143985,0.3859204303253
1.9161047857582,-0.363776604753811
-0.344609904234144,0.296559514260738
-0.588576627261786,-0.883982386376947
0.225948965106338,0.818682509971955
0.25907350560839,0.508729590914887
-0.502410737819538,0.281136108906152
-1.79808983884899,-0.152346324174037
1.96106016144465,-0.0595369172995201
-0.577389179310585,-0.847240804403069
0.254101977026948,0.968758905131235
-0.992307130338748,1.22439885938826
0.184756757500607,0.364822515313253
-1.66597191852693,0.255799354396418
-2.13565509061744,-0.813482399188311
-0.783738763643852,0.579116207848025
-0.643720356280642,-0.254147725523834
-0.150125687806749,0.307981387637917
-0.558446827709168,-0.65152388213016
-2.33943387208193,-0.477596329652736
0.180863989849615,0.927019900568098
-0.455157997057165,0.338965561294642
-0.784968156465728,0.583119341213638
-0.587619660265799,-0.88120046551072
0.337922272119689,1.43620312104282
-0.559518362109393,-0.610826884131877
-2.08845240428615,-0.386573643902471
-0.68369093408181,0.252710624713531
-0.948435856595715,1.11619148596034
0.14240697266688,0.966170102377117
1.21098065579838,0.889352610608706
-2.05422899150926,-0.180874289167371
-2.12322371157023,-0.398527986601834
-0.874373670773204,0.876159334371271
1.13974609394599,-0.886177171944448
0.236206842150403,0.705884193741556
-1.69979611320095,-0.0873351399178311
0.223234775610703,0.893023814476949
-1.04636544389178,-0.0738260338067944
0.337114833466676,1.46253870620014
-1.04899618672091,-0.113277869341605
-1.78143102932381,0.400078174469478
-2.14460258525085,-0.406012548558077
0.512571432046895,-0.438310698533965
-1.18535828533978,-0.0378823563224857
-1.06564453563985,-0.337226751483413
-0.692411682037372,0.281053444434588
-2.06283580432249,-0.167658075204363
0.245543447615769,0.947016568357309
0.915792288178216,-0.14277264696745
0.429527652797976,-1.44759558767764
-0.55582779825682,0.266294787672976
1.81366508180127,-0.265954541539411
1.20913433268843,0.912029265280724
1.29669311120189,0.730183605109907
-1.65043771129557,0.232775302382455
0.586018896454685,0.218215626841853
-2.16327522848058,-0.412624730178065
-1.67733634105042,0.271854128338931
-0.562737251734962,-0.554414416794954
0.33539304815578,1.27745232109694
-2.01089477917875,0.623899796515569
-0.80095761210219,0.635111506862143
0.224181168768836,0.843063142632744
0.207125454277143,0.901120256996565
0.679867765709839,-1.18249373261684
-0.377950257712896,0.295431557457998
0.153646957223327,0.954423519523814
0.180096461343161,0.363620827152711
1.79509640952064,-0.248260764369346
-2.01364307407534,0.625767263181753
0.189166308776501,0.918776656745492
-0.896572889357247,0.949981396165878
-2.1258982428145,-0.399459296508951
-2.10227887558271,-0.109402879573234
0.186399532075985,0.921519134775012
0.337380146749356,1.45394977378945
0.272017566382034,0.395718895306031
-0.897588009702002,0.000376586505479226
-1.10662572083908,-0.0468200672015082
1.34306723681111,0.753150045260873
-0.576572696763651,-0.443847397686271
-2.07310328425337,-0.476623099320057
-0.793578668196158,0.61114240552411
0.549760843203252,-1.33077467972764
-0.578151747846015,-0.850107564449135
-1.93165308824043,-0.239083668993203
-1.74315116143414,0.35513211421032
0.764592413574449,-1.4207255070485
-2.1218956983632,-0.750708593829047
-2.20322417018768,-0.427012353671663
-1.63138861497284,-0.0423297683335418
0.338170296218007,1.42721677989747
0.194695371733478,0.913312106657529
-0.797269845502066,0.623136178879952
-1.63565978055823,-0.0451300256167611
-0.948514876536951,-0.018760502183892
-2.06979183482915,-0.380294294451705
-1.82372757632588,-0.169309076358976
0.574551889659828,-0.402013061616856
0.255926948842494,0.537028018966184
-0.63468601008468,-0.272661287211804
-0.840970814468657,0.766242674126207
-1.9185859084749,-0.230750947687132
0.278161726274061,1.03779177260316
1.44189216689869,0.801784921045434
-0.455876125460741,0.328353007907783
-0.425435829181064,0.294125502801469
0.277283500325453,1.03499381895384
-0.792466207266084,-0.000112786104035212
0.2798989433479,1.04339877737163
-0.457663821388976,0.30486850028052
-1.05553568391077,-0.206503363680306
-1.04783351644081,-0.0963309425845707
-1.78099952392335,-0.141021131964954
-1.82584035420314,0.45005092158733
-1.92729504128289,-0.236305605627346
1.10447922399739,-0.8638755005681
-2.07198997228768,-0.468941510162669
0.691810982638356,-1.26757339386693
-2.06815564712182,-0.442017497799665
0.338549344138102,1.41215992453871
-1.65703248979794,-0.0591701133913614
-0.456554065487772,0.318960835279109
1.51293254594359,0.835691343920946
0.338006904990059,1.43321278799697
-1.05196601164713,-0.155745559561616
0.72117856834872,-1.32839244214401
-2.0493281743259,-0.188439840465975
-1.72972701435329,-0.107097578297929
-1.47265543811024,0.00257555603635961
-2.14727189063391,-0.406953416000935
-2.1151976993513,-0.395742340692585
0.276398613991471,1.03219954523093
0.249869807961888,0.957872911691329
-0.726559489315252,-0.107752447028902
-0.449173662692321,0.293489104704669
-1.74819649540972,0.361174925511028
-0.842156878858196,0.770196247495655
-1.70827715715166,0.31243023148614
-0.683207827073568,-0.18086138829984
-0.708623592748338,0.333584002981106
-2.18459391907963,-0.420263611781984
-2.08059310833745,-0.526454461136933
-0.74908990673194,-0.0708704629070552
0.666944984708501,-0.366865733750187
-2.06333869007088,-0.407383744838986
0.685941640894396,-1.16508639688716
0.154959000131559,0.953078023026869
-2.22969430696781,-0.436718522023771
-0.802185688842972,0.639100121045553
0.937887960117146,-0.143002314418156
-1.88387757364939,-0.208534073124406
-1.53579731886923,0.0146526790827637
-2.12054871871513,-0.397598012125963
0.937720669224982,0.219447315992453
-1.05794366306509,-0.240068799197938
-0.563687807597694,-0.770752711473364
-1.86891827667318,0.495567219299708
-0.84702305990928,0.0202691403451625
0.551442129606879,-0.413767309547038
-2.02385591888861,-0.228214649240761
0.33747271673805,1.4510275541755
-2.11787334913267,-0.396669438332186
-0.712349995540915,0.345672844683111
-0.630310587696806,-0.281958606925078
0.769081587357059,-0.342131506684165
0.510032568375984,0.261468541255114
1.77191709494469,-0.226198801943526
0.670252126800773,-1.2225804366854
0.628700397253955,-0.379013329811411
-1.05315754167816,-0.172719211138216
-1.24810951363467,-0.030421946488954
-0.590539110907308,-0.889523022586171
-1.01725181141415,1.28002665643035
0.222119316950649,0.890335308732271
-2.2639228175802,-0.449551812580177
-0.558803863369826,-0.632782873949244
-1.70407145252885,-0.0901558439260264
0.200219299760868,0.907877147961248
0.652177315425638,-0.371177310873901
-2.02265379026683,-0.23011187272364
-1.86661107843369,-0.197386491744625
-1.96849530780013,0.588992283577638
-0.798499622723726,0.627129883143344
-1.60190077977255,0.153808315962956
-0.939549438869709,1.09026429022964
-0.970748744339049,1.17440428200114
-2.11232966266547,-0.0972720213438691
-0.577733096983889,-0.437627906640878
0.236680558540816,0.925352850679134
-0.835786756703586,0.0247768912582513
0.262249712845086,0.480351833333735
-1.05940252636309,-0.259607450503528
1.18314710098219,-0.9145141720162
-2.17926545909035,-0.418345472030304
-0.564122527983259,-0.538654424445958
-0.805865908627597,0.651062470562684
-1.41532525418619,-0.00762166367014795
-2.06546592358758,-0.422768663214262
0.350375655045145,0.345608532871637
-2.32903631040596,-0.474230297772723
0.244415406799852,0.63759433936636
0.338954778425207,1.32481447062256
1.60611806400355,0.878990150807165
-0.780014914202523,0.0819828658584111
-1.77627145489259,0.394128071282924
1.21367277176651,0.862652680475838
1.21797362212395,0.824850940487888
1.49078577971828,-0.171179221056827
-1.61628015347129,0.178326017983063
-0.876756854411992,0.883961959005896
-0.559230251168072,-0.710022384843891
-1.58659409331902,0.1254080276541
-2.00070954632603,0.616155495839302
0.943070698250814,0.228242743561223
-0.644930931431806,-1.00383750413543
-2.07422588251773,-0.484298351794165
-0.45619436290107,0.323866092895458
-0.569881942025189,-0.487863930143575
-0.862375817515379,0.837013396331623
0.293037958109657,1.08868838738572
-2.10862047718541,-0.686416434055563
0.345215624202845,0.348408119552951
-0.45720879602132,0.310468964494661
-2.09168174942717,-0.595384304612189
-2.1552759613262,-0.409783285923952
-0.609892855665547,-0.328685066469097
-2.23759691335721,-0.439650331037058
-0.748073266829856,0.462594267907295
-0.678038538192257,-0.189973881888894
0.259252184535002,0.982426869481534
0.325380968151986,1.21895814624987
0.882612176442466,-0.0675024557091721
-0.908924620441648,0.992294878388609
-0.969263740538606,1.17081802295215
0.223010681831006,0.859309558819957
-2.10191652887439,-0.652399187078148
-0.853996831003316,0.809550675355506
-1.93643780465664,0.560509567377114
0.338249222510063,1.42421231312628
0.548248997621482,-0.41550693853236
-0.648378428428328,-0.244926568701651
0.560903787985507,0.23306679370528
-0.835009262038891,0.746432658200316
0.316057383053101,1.17820233031619
-0.880319387659589,0.895651454316645
0.2832785354169,0.382095363529239
-1.25385622994548,-0.0297140080060869
-2.00108245233796,-0.264464367068802
-0.455340966063398,0.336201059896096
0.235746569897819,0.709899908482966
-2.13124564409961,-0.401325714173171
-2.07520069376743,-0.148860440057013
-0.93341388232553,1.07164878724937
-0.914515169924554,-0.00607105761719991
-2.09011842803682,-0.126620980704484
-1.05693062645861,-0.226099585633121
0.567836381555526,-0.405292313483029
-0.648279945594138,0.240556869521698
0.239060043164642,0.681760097976697
0.694033262103639,-1.14188725148547
-0.173846260391423,0.30612487387751
-0.89195729897277,0.00254507946358582
-0.997003877600714,1.23509371744487
0.0919204694116029,0.341452555175902
-0.735926295723812,0.146318839638181
-1.04689955279072,-0.0822503220524778
0.0873150588886022,0.34037984233076
-0.482956640146313,0.28652294363328
0.318839664015717,1.18983458957904
-1.00483016900508,1.25277032347676
0.84284171516872,-0.326120276914666
-2.07024448747585,-0.156364845979849
-1.89253361646724,-0.214092990787481
-1.71319340004297,0.318568214529882
0.273001597500926,0.387702830900686
-0.558799045842219,-0.69780282638921
-2.08141302192328,-0.139522700410726
-1.61836610555538,0.181804647381384
-1.04841098523006,-0.104798888968803
0.913725315232083,0.179869679272265
-0.624574975003986,-0.967159542317689
-2.0444412732506,-0.196010899167591
-1.05673011822192,-0.223303561765827
-2.1979063597251,-0.425079540436022
-2.08044511152445,-0.383867485706328
0.0273000927560497,0.328026196578808
0.88748464889315,-0.082540477211893
1.23170065567521,0.721380269072763
-0.923838565625092,1.0416379774142
0.241985414479636,0.657651611152924
-0.45712189192302,0.311565334648055
0.665084802429072,-0.367389124364082
-2.01806779128158,-0.315629886862196
1.29262716673741,-0.157215168618593
-1.27112740418477,-0.027574567895202
-1.05533745411946,-0.203698217801814
0.716090792049744,-1.31784008441837
-0.925020075983172,1.04540715803339
-0.757918716116598,0.4948725599285
-1.84448172966071,0.470159405195768
-1.78527135098506,-0.143851806274601
-1.90220921573271,0.528602187037132
0.487808333048991,-1.39064000667678
-2.06182307632223,-0.377639048473532
-1.90554453562106,-0.222422541650616
0.223887589448604,0.847126981704495
-1.94473525386242,-0.247418255810873
-0.575476768262204,-0.450077736912391
-1.97143428566265,0.59154305751161
-0.584845442220105,-0.872807952389011
-0.563540526497138,-0.544969284344889
0.249149149260812,0.59743719141959
-2.06019932150816,-0.384394274163175
0.474811701102253,-1.40326567183221
-1.88820375879205,-0.211314426276246
1.22384282992261,0.778722969943082
0.290662865059945,1.08015113992658
-1.63525453593382,0.209257589731902
-1.66986398942029,-0.0676122936808654
0.397334948404129,-1.47942155472305
0.894802462092883,-0.105108257733163
-1.56298011450513,0.00197244529046912
-1.04538801576488,-0.0570427303016915
-0.7677600457181,0.527056578246518
-1.83655527545588,-0.177759833625718
-0.562249905280324,-0.560693834548692
1.930127562491,-0.377215457070696
-2.09871680587731,-0.114282158857312
-0.594733157811709,0.255447143372273
-1.90784861101322,0.53399571387489
0.338621052484287,1.40913951202025
0.602176808214944,-1.28031793815743
-1.70096994562277,0.303184649007754
0.339344186685757,1.37280454594208
-2.07272089683647,-0.152609728256277
-2.2744803558111,-0.453573069948436
0.614477382992825,-0.384444864995056
0.510592939666654,-1.36858087507688
-0.63252516000675,-0.982502464037671
-1.08423587605216,-0.0494642668563165
-0.978320665991023,1.19227461520316
-1.02285928729614,1.29198579935874
-0.396947324126491,0.294873424587864
-0.827790133478667,0.72264446995816
0.419851659784168,-1.45712766050791
-1.92492520897704,0.54998509864948
1.8634383583059,-0.104088904447879
-1.9883518320849,-0.275167714149688
0.156279949181852,0.95172742082302
-0.6361654178045,-0.269568573846343
-0.559978523810227,-0.725275895758886
1.14413269200234,-0.888991496120359
-2.07768365594691,-0.145118249809095
-1.05256194734149,-0.164236462103323
-2.08238424230647,-0.53795882159308
-0.487819446081034,0.285177698572276
-1.44401274213046,-0.00269333041527352
-1.98321886228877,0.601655940598281
0.212661894838087,0.895732256861255
0.913635411391615,-0.742967002553329
0.320199560096619,1.19565139381479
0.445674844105385,-1.43173558209567
-0.706134198200538,0.325516957273329
0.261794778601534,0.484405176458701
-0.926206237469657,1.04917122695233
0.229019575775489,0.778238469198107
-1.5698814306789,0.0884881448812499
-1.65927134710844,0.246007585783697
-1.66558677062971,-0.0647973981989732
-0.628816919402281,0.245956448835548
0.717364435610516,-1.32047912778696
-0.732079132211819,0.410124998820979
0.416629136711338,-1.46030812131947
0.308861820863413,1.14911704039149
-0.590539597989372,-0.384572096689899
-1.83645600398876,0.461586216001391
-2.08763368894403,-0.130274655294088
-2.04652565148082,-0.357975553711048
-1.06749310200613,-0.051493667739683
-1.77245735577226,-0.135362235518407
0.293575892920281,0.37648458435029
-0.810763355979148,0.667013206097238
1.45428261652216,0.807764994012479
0.413408244843702,-1.46349021206219
0.705935994697951,0.14448721832801
1.14038388353754,0.544637279577108
1.75094966455164,-0.206377248145093
-2.00867497646147,0.622299744461373
0.946748830392735,-0.143119492889246
0.172574121596527,0.935290656600641
0.337174060006004,1.29515720565154
-1.55917465040781,0.0618493429025693
-0.694908267227391,0.289148837951962
-2.02505881341914,-0.226318101518763
-0.575266338887909,0.260875875583689
-1.2366345911794,-0.0318271148765814
-2.08976638896451,-0.583924750175579
0.223594546119799,0.851189638833773
-0.864781512285435,0.844856270720166
-1.05653013623988,-0.22050658661144
0.196076702375907,0.911950585378638
-0.833810591712264,0.742466778566103
-1.79438737669934,0.414896128917262
-1.12345185971224,-0.0448772804524065
0.250528946958118,0.585374016434587
-1.66822311422324,0.259036036549072
0.215437014282875,0.89303929657833
-1.28843102513211,-0.02541331780566
-0.951059666512551,1.12356240936473
0.510667102068409,-0.43979895729737
-2.01173242352524,-0.306206195471909
-0.850435968603835,0.797769906692256
-1.05633060761867,-0.217708547872278
0.696917381369893,-1.27816114637644
-2.0839013834395,-0.135808716373152
-1.87440773368812,0.501150821435494
0.508986287957641,-0.441146336717536
-2.06228421727095,-0.399706232459791
-2.01305633970795,-0.245325417826046
1.216690174573,0.835660901984827
1.21764870381808,0.827554194203592
0.324758292494741,1.21604027606857
0.969198777175529,-0.778923323858384
0.231138036895515,0.754079908095885
0.880726608081181,-0.240223504641864
0.23076497614305,0.758104112324373
-1.71262255702318,-0.0957999539090955
0.232196367922623,0.914551669006424
-1.81004719171327,0.432554302555834
-0.681147982890938,0.227070419413839
-2.092979743892,-0.603015253155808
0.426301051515899,-1.45077147169064
1.27500421283767,0.719452736555491
-0.699381385286679,0.200094818228106
0.339397851266955,1.34270867360546
-1.65705306355651,0.242717143997072
-1.06877356680683,-0.370023876587325
-0.600481547951405,-0.353434447718782
-0.631179794906878,-0.979983100624204
0.255032600959738,0.545096551345802
-2.10110587370443,-0.110987836915775
-2.33739279378623,-0.476983601558721
0.288250397854162,1.07163181017631
0.85806313436632,-0.386325509509282
0.229951956277388,0.909161816944387
-1.01418380098933,1.273407081984
0.225653626914348,0.822743220360562
-1.16841650654948,-0.0398006499576565
-0.568626812553964,-0.806480024756912
0.14283380997582,0.35404764220164
-1.05414899269889,-0.186828372164399
-1.05454516964627,-0.192459371811371
-0.998569815821424,1.23864869825438
-0.902210015276973,0.969288902372
0.572671267395149,-1.30869832691687
-0.611940700313995,-0.940888058911603
-0.700862285440247,-0.150486603855075
-0.458051248231507,0.300268179682166
1.05352772076653,-0.832412230273806
-2.11121714485972,-0.0984451654949984
0.243446832419891,0.645616574852392
0.677843573215718,-1.18829560204991
0.259978613672972,0.500624841624899
1.22241346933501,0.789610213796843
-2.05600776826499,-0.372062507157452
-1.06313564143443,-0.306938544189431
-1.74682769724981,-0.118401142892575
-1.06449375208812,-0.323518667741397
-1.90502562729254,0.531303043915519
-0.995437942318051,1.23153270020215
0.995707717393197,-0.144075006709482
-1.83113763476188,0.455833617231194
-0.751764761504623,0.474702461827167
-0.852807916379844,0.805625058638864
-0.0843673790582833,0.313364809318501
-0.915709230921824,1.0151354164169
-1.96556018242614,0.586434194979291
-1.7608877543449,0.37620637798199
-0.918006100996204,1.0227250780262
-1.28266064170398,-0.0261365376007344
0.557923745097371,-0.410330686023692
-1.04708259150828,-0.0850626896022047
-0.728601215335559,0.157059143432065
-2.02987922919469,-0.218736832619419
-2.05968390135655,-0.380574896136713
-1.59025625444607,0.132577390436899
0.491060927712508,-1.38748606035705
1.03806190974141,-0.822761510593162
0.271048623490975,0.403741052888924
-2.04810508016718,-0.190332211782403
-1.01263327355624,1.27003434948244
0.991557760717538,0.307136961299073
-1.71073120565633,0.315501338257228
-2.09767880784612,-0.62965482574457
1.21606477774615,0.841063658279421
-2.02746714655535,-0.22252665415002
-2.00587001426635,-0.256791422193838
-2.12583561593422,-0.769627488645191
-2.29561744596293,-0.461673747944631
0.299208193104688,1.11155581657652
-0.843341248041654,0.774145957657058
-1.56218721406303,0.0694933220021872
-1.43254543980508,-0.00471302295577068
-0.734540507039211,0.418198545952317
0.355531002889647,0.342814650270815
-0.59901049035897,-0.911400715384638
-0.455070810193746,0.34029628967071
0.26906377272436,1.0099674305989
-1.89101031806738,0.517717966998315
-1.29420322980307,-0.0246866768492459
-2.09135849069666,-0.124808842337008
-1.11784118416035,-0.0455214702922175
1.37082451234333,0.766907608317899
0.221856187061092,0.875518164566239
-0.955078779740172,1.13457489426543
-0.635241011825432,-0.987477734290838
-0.825371267365227,0.714718615690403
-0.456708886029373,0.316903172713973
-1.54736278626473,0.0311499937296902
0.128495757199678,0.981467985354579
0.265443701586998,0.45204443507136
-0.697404845439466,0.297240140366065
-2.12901014930129,-0.784692070416969
0.575945795868149,-1.30554601488778
1.22394913175291,0.68244100101346
-1.68664460286263,0.284494691739898
-0.667755271267658,0.235165622024944
-0.593602931625285,-0.89777793126361
1.94747684275743,-0.064570516140923
1.23055290209616,0.729576540658343
-1.97437681426777,0.594085954326413
-0.415938286900731,0.294369470152712
0.691434501044145,-0.360329624704352
1.05131719384907,-0.831039392183677
0.316759928603335,1.18111063555276
0.353701887491607,-1.52314882133743
-1.99390927719007,-0.276014681592106
0.680933830375294,0.159980907967144
-1.05176733546355,-0.152914107618393
-2.04200358211069,-0.199797601368661
0.751205097401969,0.116464820365888
-0.964878689652213,1.16002177407594
0.251998191043022,0.963311239030502
-1.94222710697304,0.565739401476266
-0.571941368236041,-0.82409167170583
0.227442363689615,0.798419870183965
-1.92779430935128,0.552624941665229
-0.930994357868449,1.06417569654243
-0.963441423616209,1.15640901310512
-2.07254552287216,-0.472783074482118
0.164349779036131,0.943545911452175
-2.07148226135174,-0.154486618539825
-1.06336063265131,-0.309708642926121
-2.05284606901508,-0.367367408993307
-0.263755199670357,0.300092834720248
-2.08514574410046,-0.133958316633595
0.432755344613032,-1.44442106210649
-0.910046753253279,0.99611069731376
0.561204908911523,-0.408635330173294
0.337199540928652,1.4597140184084
-1.95386032130347,0.576134886608765
-0.811985928824102,0.671000322199929
-0.796247716841557,0.00604928649524439
-2.12741820886287,-0.777173707653197
-0.935851825647601,1.07910533086473
-2.10673650434574,-0.103643767249864
-0.809540038335798,0.663025508339017
1.15233502681463,-0.149834381772858
-0.619081516227306,0.248663651726132
0.144794663306735,0.963635121160029
-1.72545078225191,-0.104272254579239
-0.713978801737716,0.178557032593003
-0.967790116729794,1.16722588550785
-1.9135142958444,0.539356515304293
-1.60799984905339,0.164343177374668
-0.922661886091106,1.03786388779609
-0.846888111995104,0.785972022552115
-1.69614933874545,0.296987357478283
0.336829160851871,1.47721716228635
-1.61431078332067,-0.0311671193256408
0.251439273795723,0.577326943433532
-1.5929540883848,-0.0173149612873572
-2.03471587033052,-0.211159942698461
-1.59722815176846,-0.0200769343515796
-0.730848333042152,0.406088510668041
-2.15794284371713,-0.410729100509222
-1.04958632014663,-0.121764982800089
0.336916846899739,1.29219974593469
-2.04020651939945,-0.348577449284971
1.76087482783701,-0.172116249333478
-0.457758791039653,0.303727406492092
-0.439679917138847,0.293751617015686
0.226541697170737,0.81056816808171
0.324127980635768,1.21312368236004
1.21863139512778,0.819442210161673
-2.00539394744591,-0.296782186516138
-2.01264260288222,0.625104914631048
-0.886332131233595,0.00472408143590674
-1.05919078744151,-0.256817024473615
-0.796039677877625,0.619140314647271
-0.91343187450932,1.00753476050354
0.222430849339885,0.867419671096751
-0.869480974793223,0.0113272081376504
0.247717693585516,0.952441996863897
-0.737001515555806,0.42627174230489
-0.609505926286731,-0.935570871903431
0.205743427744847,0.902469037707811
-0.709921228140603,-0.135269701213685
0.151053220507405,0.95709653621148
-0.0703526291749823,0.314630178728261
-1.82800152774067,-0.172128500422149
-1.062687121182,-0.301391449645567
-0.764071186002754,0.515005387451503
0.339472508833228,1.35771525538396
-0.259004465220554,0.300343943009472
1.28119942495209,0.722517229576307
-0.45647895656049,0.319970601676612
-2.14193259187866,-0.405072855135022
-0.804639844520169,0.647075192632614
-0.591544526313702,-0.89228196135743
-1.70834690805684,-0.0929774513412326
0.173953031857268,0.933911983970873
-2.11560896458468,-0.720430104481541
0.281611832857462,1.04902034459634
-0.623221908269198,-0.297519243461237
-2.03108678621587,-0.216842347551278
-2.01665227705919,-0.239611564658246
-2.04566160121979,-0.194117784505377
0.237142833277483,0.69784755387495
0.152344713283182,0.955763262315477
0.396636618645892,0.320818440802168
-2.05177693936589,-0.184656171612959
-1.87166055068254,0.498362488636494
-0.911171615019442,0.999922280411829
-2.08638993808449,-0.132113318078479
-0.883862317912612,0.90732401870898
0.133860518771389,0.975467294805579
0.33703674703307,1.46530808205995
0.234402754201465,0.721939816239232
-0.778821520444191,0.563106666339654
-0.73330986150796,0.41416174806696
-0.570300170466575,-0.484691481410421
-2.06653634775439,-0.162006709386342
-0.987618739935579,1.2136868232736
-1.05057589443895,-0.135921267185125
0.704797443188344,-0.356963000410689
0.339058686656275,1.32778946114305
1.78736345212246,-0.153279274414378
-1.54444820068368,0.0234531621881433
-0.945852973277332,1.10880154592537
-0.32555466029124,0.297276251822578
-1.01875363545703,1.28324446005885
1.12460196935275,0.518731242124829
-1.76344049050361,0.379201128779905
-0.0890419575623525,0.312961820869404
-1.75110093942934,-0.121227193387099
-0.562020711366678,-0.563829189401752
-0.984503587004582,1.20654684698105
0.327787863915371,1.23063886212796
0.241138666910454,0.936177138733515
-2.12347011162319,-0.758280729362932
-0.02378539316817,0.319908047343739
0.33691085341686,1.4705952379683
-1.916357059652,0.542024865948297
-2.02025156369195,-0.233908743655544
0.338054422707524,1.30700382087969
-2.03350508704698,-0.213053944313793
-1.63311904109533,0.205863683472585
0.840658983611384,-0.73820710305556
-1.04619326683853,-0.0710225091930284
-2.10181925829555,-0.391132222874127
-0.870787062487912,0.864438064187011
1.2231251284006,0.784168968602534
-0.881502964216914,0.899544283545808
-1.55470692241155,0.0503565212171543
-0.899963218325201,0.961577299992467
1.2189641490598,0.816736487005974
0.138986314114258,0.969847859206833
-2.09914441871137,-0.390215989847782
0.225063940330251,0.830869380887433
-1.862304495463,-0.194591709693554
-0.803821208873861,0.0183831133891175
-1.89659629821366,0.52317614127468
-1.94512890194466,0.568346515275169
0.338238605908889,1.30996871760822
-1.73561032517282,0.346035402995717
-2.29825338443293,-0.462686067308004
-0.458562393423207,0.29439948249795
-1.76391595843007,-0.129706624273455
-0.952387924940609,1.12723953560812
-1.73059939417164,0.3399518068998
1.21545027353898,0.846465250383082
-1.3634690177981,-0.0155157936727788
-0.957817095156847,1.1418826915869
-1.02388017368506,1.29414654135103
-2.01545333449854,-0.241514861891104
-2.24286020138216,-0.441613339976985
0.228830227320755,0.906469465911481
-1.88545125026324,0.512227647381424
-2.10559381237282,-0.671305699634728
-0.657966074924792,-0.226544844989196
-1.82319846873718,0.447149057252167
-1.56726707209477,-0.000782285819108145
-2.07592911240404,-0.495800214645473
0.130561780776071,0.979146449790429
-0.0423792322098182,0.317560864095927
-2.22177623981361,-0.433798284655663
0.167079340213706,0.940799008764389
-0.710327766443083,0.183937427558491
-0.960604353105164,1.14916099443643
-1.0110911397341,-0.0417358000404365
-0.558656298421388,-0.639041219913728
-1.95094564103648,0.573544469608751
0.157608969727413,0.950372300061803
-0.754274436767531,0.119476767407493
-2.12268274257239,-0.754494979838969
-0.962016635895077,1.15278879008941
0.160288168033186,0.947650581677917
0.240028050821186,0.933469430239054
-2.02626253662525,-0.224422133501681
-0.558361600317595,-0.670140989957764
-0.455135691069788,0.339305213309414
-0.735771059736229,0.422235241815682
-2.07245227589225,-0.381183926833678
-0.601267652476723,-0.916807988801822
-1.34039327460431,-0.0186958864855859
0.243931828309486,0.641605622720454
-2.01785158807119,-0.237709499910537
-1.82848660716975,0.452945914417694
-1.97732238090554,0.59662009586877
-2.26128668473831,-0.448551550972064
-0.658014330703574,0.237861404117377
0.22805795378895,0.790338358241632
0.339382661630646,1.36978117835749
-0.88268406654996,0.903435172858114
-1.99869007293814,-0.268309145387407
-2.06530200566132,-0.16388951012955
0.334277961237237,1.26864218012826
1.22066353646466,0.803190210865513
-0.457386761980813,0.308251267362494
1.08233286853721,-0.850170953937672
-2.11252187625286,-0.394816804204268
-0.953727535356928,1.13091049739756
-2.11184005634748,-0.0977820285750158
1.22276852718003,0.786890211572034
-2.13393544319662,-0.806751313267554
-1.03384547056355,-0.0500760876694964
0.331084907094728,1.2481669085839
0.900928802191943,-0.165162260074647
-1.87523651019726,-0.202966214117499
-0.84452427507514,0.778091720349256
-0.856381161758884,0.817399297703062
0.856043780940088,-0.590965182940141
-1.62711840789656,-0.0395329925110358
-0.772676025933553,0.543091473560911
-0.526708109945898,0.274395318222045
-2.01066024706616,-0.249141578699422
-0.68493361597008,0.256759326111262
-0.0750226618149978,0.314197220370132
-1.8826814759949,0.509470369957378
0.244448737724521,0.944305426890814
-0.57384485832701,-0.832817784833421
-1.59596581426184,0.143231236125401
-1.4612002459052,0.000436508407787845
-0.871984209920584,0.868347645332669
-0.98917995146651,1.21725775398614
-2.11248233564357,-0.705307294781722
-0.565542915361996,0.26358714843794
-1.00013555431861,1.2421958475805
-2.08016935426967,-0.141385071446748
1.11931752730683,0.510112788721529
0.336644217689588,1.2892445490419
1.03143303372777,-0.818593452970567
-1.67275672833762,0.265469726379283
-0.792348081842257,0.607140875622806
-0.887376388714894,0.918977835192492
-0.316041554833412,0.29765762081213
-2.09363570398183,-0.606827773939244
-1.60595275924403,0.160835344113973
1.26261812677617,0.713325818507836
-1.59403512761882,0.139690846023194
-0.704888430049755,0.321481402553286
-1.6526363917392,0.236100136989272
-2.07088510791402,-0.461254185440743
-1.74255356548123,-0.115575132031393
-0.56218502570185,-0.755684086840959
-1.69552079175911,-0.0845153229757766
-2.10717017965786,-0.392970794724251
-1.70583188855533,0.309354217859651
-2.04968550055875,-0.362672015495257
0.229694264595855,0.770181743744232
-1.71813947563179,0.324691560323323
-2.29033777709314,-0.459646490834629
0.33935287844003,1.33971819652758
-2.09379666304301,-0.388390129983473
-0.97526570843632,1.18513524233012
-1.77672823465075,-0.138191252055286
1.21282375927928,0.870720357912249
1.2199770218484,0.808612570450765
-1.02021374856432,1.28636152114415
-2.0395700172109,-0.20358474925613
-1.02160143510545,1.28931528875819
-1.84083654413808,-0.180571816716577
-2.00946246361646,-0.251051836837178
-2.07892619974786,-0.143250382497493
0.708631762906269,-0.356018442707647
-1.79381662974417,-0.149514734914038
-0.653146487328436,0.239209035239362
-0.800032496070211,0.0122146598181497
-1.92206255258815,0.547338767908364
-1.17970336348228,-0.038525926437078
-2.08480409638804,-0.553298294443983
-1.48411730745546,0.0047461347752961
-1.62887221936065,0.199045094554037
-0.682449839501017,0.24866210226115
-1.63099178939971,0.202459736505144
1.2133865844814,0.865344966089038
0.227139841269422,0.802465863686864
-2.32163044736155,-0.471565234568555
-1.06941710052869,-0.37524506877402
-0.784912086897269,-0.0124251063874679
-0.458457913326607,0.295582408891344
1.15602485526696,0.570587053742217
-1.8451215552499,-0.183381324540543
-1.99629893916209,-0.272159277258184
1.2234832369176,0.781446536654199
-0.457855033751364,0.302580119766669
-0.986059763309,1.21011642423722
-1.89686707623601,-0.216870235398468
-0.571158458605877,-0.478355660983002
-0.820518781223183,0.698855010754753
-1.19669433576769,-0.0365791062504079
-0.750601840145653,0.124843556118313
-0.456630715327511,0.317938138667695
-0.456061905283381,0.325716885563171
1.43064583737511,-0.167067246308088
-1.86344814928301,0.489957862557031
1.20887156839035,0.916366409607618
0.339460852389982,1.36072711743208
-0.722832357107603,-0.113882399654397
-2.1925836405067,-0.423150058530755
-1.68429868222799,0.281349262523458
-1.97962691861353,-0.269617756211269
0.209891721594919,0.898425278224875
-1.64171296219319,0.219385781301527
-1.78919517480355,0.408979434580099
1.08993240646453,0.46262840568796
-0.813207709861596,0.674986345265997
-2.09496244942365,-0.614446278651405
-1.40957794784885,-0.00855763580855727
0.648526455483676,-0.372307700009275
-0.458667943487425,0.293212395225169
0.712209641853419,-1.08976397972786
-0.24477332665132,0.301136163900327
0.854924443896835,-0.654593657610286
-0.74438266677411,0.450486705808713
-0.745612794801815,0.454522411915513
-0.558428509978699,-0.679395403067025
-2.0692421754555,-0.449714680189737
-0.743152569829076,0.446451094049658
-2.2191326029467,-0.43282679080563
-0.703029357626034,0.194706287458422
-0.456333445968862,0.321948548997869
-1.80663634597943,-0.158007486205726
-2.13926189752492,-0.40413432405836
-0.639374244368451,-0.994735794774882
-0.837400368554626,0.754362601771237
1.07097152444401,0.432403513244387
-1.06958690348419,-0.376520078501083
-0.944575730849639,1.10510058934948
-0.562995461159433,-0.551269680538812
0.338760907516857,1.40309167917901
-1.81792668481403,0.441326762236048
-2.18725767867533,-0.421224605702551
-0.607104574867378,-0.930234626809168
0.182247838645965,0.925643105125842
-0.455379355316002,0.33562604863754
-1.66373008521419,0.252549031847087
-2.00617084292818,0.620424171343485
0.240520042551086,0.669698418404509
-2.27976549361302,-0.455593703097862
0.175435673041366,0.362419544368903
1.39552770059639,0.77912122734438
-1.75833988638297,0.373208087072566
1.37988111686656,-0.163352537999282
-1.60391891801625,0.157323760254252
-0.579727815758326,-0.855822760283869
-1.85800217474463,-0.191793644406653
0.262704932213966,0.476300340549858
-0.681478233057338,-0.183898285434401
-1.87092179114611,-0.200177961258419
-0.885037339956815,0.911210743112907
-2.13659050002763,-0.403196951848286
-0.577144447232509,-0.440736718559614
0.239545435328103,0.67773826404509
0.198731360970187,0.368429142167295
0.336967862900817,1.46800288511531
-0.614212395015451,0.250019015311682
-1.62465332026863,0.192182054428975
1.79741410152739,-0.250470750622429
-2.10343312987108,-0.107868149836754
-0.873179741247642,0.872254703933828
-2.02123382478071,-0.320340687258575
-1.39806963318935,-0.0103815749802072
-2.08265708148149,-0.13766373104586
-0.0330774774041508,0.318691629545293
-1.70339597794447,0.30627258874848
0.338828996028473,1.40006484407116
-1.93932997893017,0.563127067833576
-2.06406849590772,-0.165773314029197
0.860348202585715,0.0914449838267559
-0.558387042534348,-0.657744983747542
-2.24812224963417,-0.443584418444355
-2.2560181332688,-0.446557779053508
1.21637611288239,0.838362418389951
-0.760380165109637,0.502931767880286
-1.00326584213423,1.2492587688625
-2.08578194556666,-0.385669078752004
-0.45555417497452,0.333030440999
0.321535480018806,1.2014708574945
-2.00706734902311,-0.254876761886764
-1.77884951443458,0.397104632702836
0.336868078246672,1.47304350284165
-1.98911010164606,0.606629094809029
-0.956441898747646,1.13823238450782
-0.892005872234816,0.934490545574507
-2.09699163601854,-0.625856329049362
-0.497547081103258,0.282483907998866
1.22865021959991,0.743240366201576
-1.05593263368418,-0.212108803871806
-0.789887276316936,0.599134602068283
-0.463521953183682,0.291881150530438
-0.803413103993725,0.643087866413169
-1.46692756070935,0.00150154528901419
0.219610770476006,0.888995806137743
-0.893153142317116,0.938365311479419
-1.10102215487986,-0.047474899089545
-1.64606050150841,0.226097321393729
-0.306535255831915,0.298057225852363
1.2131817459772,0.665348962552534
0.128246313109348,0.981748823191637
-2.01425470493774,-0.243419460445282
-1.98616651078941,0.604152453288389
-0.897706020409443,0.953849647013543
1.77771426639917,-0.160108430098014
-0.563263269994807,-0.548121323580115
0.267156954443124,1.00443894810128
-0.815648675232762,0.682953008238876
-0.589549783931956,-0.886756542126579
-1.05137000758116,-0.14725021252562
0.0319355471224016,0.32886904409171
0.625154114090467,-1.25823149183625
-2.06777153540603,-0.160124960696907
-2.12425792151508,-0.762065248788434
0.129334678179995,0.98052420131577
-0.71606428565643,0.357747410809521
1.64352512939618,0.896041879312654
-0.691163701175604,0.277004760447208
-1.75964491664,-0.126879782943958
-1.56831967939444,0.0847077439123113
0.924384828587027,0.197466142892194
-0.931492385725456,-0.0124436944816379
1.59987768570858,0.876115191949917
-1.86072052090377,0.487144743394404
-1.76818668180223,-0.132534058841149
-0.903224575148015,-0.00178191242826847
-2.31652705406915,-0.46966194166527
-0.889699372325799,0.926737241043438
-0.754226235207304,0.482773130615433
-0.45508333885587,0.340104549919533
0.960292734854725,-0.773189904956595
-1.02448528847984,1.29542190112431
-1.14029290535831,-0.0429624546537316
-1.02815404611521,-0.0479895885671906
0.278137581108455,0.384899359888772
-1.56067714192931,0.065673510376641
-0.794784738145561,0.0605850065263182
-1.78401585963972,0.403048579840825
-0.771447127079611,0.539085638670534
0.337835652176298,1.43918717179471
-2.28240887985685,-0.456605842594682
-0.787391944663242,0.0712864201136131
0.0550571021576673,0.333348594582483
-1.8937999204488,0.520451060442699
-0.183338332838783,0.305393067109693
-0.687422930505383,0.264857316384135
-2.0371407466093,-0.207372205081336
-0.890854656917921,0.930614558059509
-1.71689843951296,-0.0986233123994037
-0.392200011557457,0.295006820620248
-1.88822746434725,0.514976840605008
0.208508170023982,0.899772408527109
-1.72310974301118,0.330803556585408
1.35539943486785,0.759262515445425
-2.15260854079754,-0.408838756249786
-2.09628696390909,-0.117705624260661
-2.06653759361849,-0.430468141626498
-0.786799532577951,-0.00934861222257594
-0.689916131668466,0.27295571896352
-1.98027015993562,0.59914411819685
-2.06175975138099,-0.395872692563249
-1.00951789773149,1.26319805744553
0.612708370395436,-0.385154260982852
-2.11717837364187,-0.727995738899724
0.132951910228159,0.976476424224122
-1.53005486639205,0.0135534343066119
-2.12857224010347,-0.400391887110809
1.32455374070964,0.743978044395732
0.570965538165214,0.227172019620957
-0.949742434021354,1.11987956660802
-1.59792177670566,0.14676322203576
-1.99510391152253,-0.274086323488401
0.868600648181218,-0.285264815972031
-0.681210509212529,0.244613697477508
-1.49559187722371,0.00693889264734547
1.05729602977678,0.410878705413667
0.786464199352836,0.0946414883152056
1.20984915693488,0.902293091497893
-1.04745472798097,-0.0906932631780403
-1.6890028943624,0.28763093853573
1.21425404654845,0.857261718575101
0.736330880053871,-1.36008374918432
0.233541339930363,0.729965943199381
-2.07650236984135,-0.499631981472564
0.360680872827466,0.34002823511132
-2.07765741755477,-0.50729403896135
-0.934630409380788,1.0753789681771
-0.693723522411241,-0.162641155613283
-0.906685799540401,0.984648503283556
1.7753040601582,-0.161821216377755
-1.8205606456882,0.444240826378049
-0.672628710916432,0.233817135554221
-0.455053228243386,0.340565653051773
0.22272018375739,0.863365999456075
0.911412968244873,-0.741522109136162
-1.61004146769266,-0.028387592314502
-2.1712712846716,-0.415478651158193
-2.25338544748269,-0.445564354779372
-0.932201939504108,1.06791446817409
0.231280045244141,0.376857114662643
-1.04764338995184,-0.0935112674282299
1.13441007134196,-0.148951691839423
0.729837811547961,-0.350958630749086
0.234440135477897,0.919948809737063
-2.24022886816221,-0.440630889521519
-0.211714738134912,0.303276616183204
-1.053355961396,-0.175544282050261
-1.66149681058956,0.249285036136984
-2.06713347052513,-0.379406998247428
-1.93355091057488,0.557886845899076
1.1508328928992,0.56194082286201
0.129904989077094,0.979883406631704
0.237617374248043,0.693826835370423
-2.06600109156603,-0.426618192600411
-1.93066963710908,0.55525873197873
0.66446375843728,-1.22043402749578
-1.80236315036792,-0.155177408217498
-2.06707547649944,-0.434318174799665
-0.858773967546196,0.825245776519462
-0.766530677565585,0.523042138242617
-0.572973150546687,-0.465734950001285
0.753723145986283,-1.39717021563369
-0.560684320146322,0.264941479064447
-0.559651500411478,-0.719175818477148
-1.05494125584073,-0.198082582823748
0.301469438827228,1.12017855557131
-2.02439862179933,-0.325050423435527
-2.03072459508032,-0.334466016097463
-1.8799178596295,0.506705042843942
0.30666332610911,1.14040856127577
0.338089558041147,1.43021711015087
-2.08178490541787,-0.534123564861469
-1.99204508860959,0.609079276098658
0.882748045981437,-0.232714715932297
-2.06900757955553,-0.158244318520015
0.225358658226877,0.826805672768026
-0.77171449972458,-0.0339413303329448
-1.81529647723381,0.438407373170473
-1.6826938780362,-0.0760607538227034
-2.21118798822818,-0.429916691785151
-0.943307284491387,1.10139615171304
-0.851621034823946,0.801698237428833
-0.455115798065542,0.339608591526052
-2.07777903543836,-0.382970475099563
-0.735921936224308,-0.0924018758780602
1.21575616561334,0.843764618148708
-1.30575148067365,-0.0232212262149034
-1.73827862484461,-0.112749151461247
-1.55175650862252,0.0426808472877281
0.51385072917738,-1.3654321639671
-2.28769548402463,-0.458632534022983
-0.868388165243914,0.856611458620485
-1.83379392439216,0.458713751261197
-2.09563352726873,-0.618252050460003
0.225469660928549,0.898400205961432
-1.72809896751741,0.336905173006543
1.27810162995551,0.720984845416921
1.3891069580598,-0.164035455674295
1.20946472400867,0.907275618386265
1.27190716379989,0.71792085153579
0.263616234921145,0.468204517771364
0.228372620910223,0.786302456748548
1.21830120058511,0.822146987306749
-2.06281058497552,-0.40354335332375
0.134813943315611,0.974412364307435
-0.895436481153261,0.946110975430278
-1.57155287556178,-0.00353651321034402
-1.58480754701677,0.121798398528199
-2.32661634635605,-0.473376480897584
-0.927396872572539,1.05293007801735
-1.58439990015811,-0.0117996119332949
-2.06123735154961,-0.392042892809759
-0.45546258661819,0.334385544159242
-1.89939941792956,0.525893198326661
1.0269741770719,0.363500594561833
-0.770218208891153,0.535078090451321
-0.455209746023527,0.338179747465165
-1.75579691904304,0.370206015540205
-2.0554562073746,-0.178984155979926
1.27436305790353,-0.156110620159789
-2.13143315983871,-0.795870605614239
-2.04322192438245,-0.197904182075133
-0.707379301091373,0.329551187688131
0.53446692406166,-0.423448428621676
-1.25960853412937,-0.0290032386039437
0.33774711988192,1.44216366999738
-0.382702224165317,0.295285713789976
-1.85257142879895,0.478675323761869
-0.976789407468568,1.1887058014258
0.651372026501441,-1.23302292060359
-1.05753605630959,-0.234482954119515
-2.08913547134769,-0.580101676129123
-1.85370422953835,-0.188992427381591
-1.78954374481139,-0.146683101323587
-0.30178314602051,0.298264249403163
0.240032248462929,0.673717569678137
-1.5762906000203,0.103469676933023
0.31745805869193,1.18401869758015
0.339300518982073,1.37583008432729
-2.02867269550283,-0.220631579208629
-1.61419951621063,0.174839409168631
0.287437492731438,1.06879621435112
-0.625880087206742,-0.969748376284285
-2.06493206845011,-0.418919962243475
-0.745322733342772,-0.0770262633646091
-0.749303654211644,0.466630380127789
1.22529594608954,0.767818475045479
1.2242038963068,0.775998324002165
0.0735003038372759,0.337260857817264
-1.796988460177,0.417848895355481
-2.05791296885483,-0.175205782784735
-2.11482542976117,-0.716648379382088
0.329490505717008,1.23940313573698
0.33635585067439,1.28629194121685
-0.942047109207108,1.09768851577954
0.187783079369594,0.920147123888122
-2.07535865957152,-0.491967524285956
-0.863578498544636,0.840935199982332
-0.875566034734176,0.880061693651686
0.143591188678056,0.964909704542398
0.266192738909944,1.00167854951968
0.651007394736818,0.178519279722526
-2.11048026177433,-0.0992497728977617
-2.05300256408255,-0.18276497964533
0.137896503876806,0.97103169203581
1.16577687691583,-0.150494080757465
0.148506600282721,0.959740436661674
-1.9974943354808,-0.27023354840631
-1.84941071047249,-0.186188252056089
0.198838579775748,0.909233148520345
1.21073870220578,0.891976267325138
-2.059170956246,-0.376758180233342
-0.857576560369417,0.821322721547945
0.52036886687237,-1.35913526165631
0.253242405176398,0.561220003708245
-1.046718847452,-0.0794400290522461
-2.03592775623178,-0.209266035414541
0.468745573298446,0.283225877950497
-0.966328324251709,1.16362728782958
1.88130931125467,-0.0943478058635232
-2.09991756819589,-0.112616272527505
-1.38077675566542,-0.0130080655685458
0.178097321279471,0.92977567736249
2.00503093389033,-0.448898682404478
-2.0085634588235,-0.301494030390805
-1.04880045394755,-0.110450500387266
-0.7751339747405,0.551099415734958
-0.565725421085447,-0.522814711408055
0.337288601080119,1.45684771807971
-0.830167937151386,0.0270351916653197
-0.78250942798082,0.575113444453354
1.21227496118813,0.87607887237828
-0.598340140709378,-0.359629410611772
0.844804492772574,-0.325695260904943
-0.455182691085803,0.33859020009581
-0.824549677350736,0.0292952821459961
-1.72062193324036,0.327748861273202
-2.09750594953633,-0.115980165979222
-0.841405368972082,0.0225211680815473
-0.47809519913501,0.287866458483503
-0.938310885923049,1.08654776454878
0.339150118705405,1.33076706845275
-0.898836059066703,0.957715159975853
-0.919162255146044,1.02651537617564
-1.67841762090019,-0.073243987200966
-1.06518158582229,-0.331761208732532
-0.06101814266171,0.315538103751953
0.605653399158062,-0.38805120613043
-0.798486325965565,0.0552321954806076
-0.00985408345226734,0.321894029817692
-0.235309620588657,0.301703055705388
0.871022279621677,0.109180236127068
0.273702380098919,1.0238381634736
0.33466689457388,1.2715756998638
-2.12110890440375,-0.746922036176771
0.465083941808905,-1.41274521923464
-0.75914948746111,0.498903025598362
-2.1686061903395,-0.414525914995489
-0.49268311778913,0.283831214653319
-0.643548116956806,-1.00164430060529
-2.1045644451152,-0.106391128722513
-0.831407503614001,0.734535841044671
0.147253684250256,0.961049226412173
0.101138415068303,0.343643669696925
1.2217081977348,0.795046311324328
-1.61212502844776,0.171346013723182
-0.994026489758356,-0.0354824958805909
-1.00795650093177,1.25974239123773
-1.27689257006025,-0.0268568197640088
-2.08298582148607,-0.541794212219419
-2.09647017424328,-0.389301927828328
-0.456405409435893,0.320966746680198
-1.87955513258969,-0.205751473559156
1.21514710228404,0.849165457868848
-2.08541484991921,-0.557131393208513
-1.771126491368,0.388166178423167
0.193313694821342,0.914675508967849
0.339456351097529,1.34870045995337
-1.05079553540265,-0.0535595886642548
0.537424109035443,-0.421676532096085
-0.618163666603855,-0.954096131583366
-0.901087760088728,0.965435417197145
0.873691861164216,0.113612263512357
1.20784259126571,0.656796491671245
-0.66955191562746,-0.205182905077532
-1.96654271230891,-0.261296721652704
-1.055734059911,-0.209306855401387
0.270092729211317,0.411772511441231
0.162991013407408,0.944916559970896
-2.09906956261605,-0.63724476901905
-1.20806644053255,-0.0352516893878003
1.80205215753086,-0.254892626504997
0.516865931066296,-0.43509187446043
-0.821733626749693,0.702823696527172
-2.07479094568016,-0.488133639243421
-0.762841057201435,0.510983161896043
-0.718533809305844,0.365792784135576
0.33947078924808,1.35170181998806
-1.8771600633098,0.50393178495969
-2.08000078235465,-0.522620968597939
-0.570725578507088,-0.481521872903513
-2.07941095614737,-0.518788278472844
-0.894296622498014,0.942238841929549
0.147485668631871,0.35523649365131
-0.830203303422585,0.730571359578104
0.508725247916629,-0.441358554192412
-1.92293917314434,-0.233527997044928
-1.38654409825696,-0.0121463085101367
-2.33360109594254,-0.475778092684993
-1.9949645851124,0.611493583539186
-2.10484831217207,-0.667526724870416
1.11202928867797,-0.147917105316441
-0.599602612510657,0.254089583497271
0.713540421860148,-1.31255928452508
-0.942836168088491,-0.0166596892166704
0.448906704146754,-1.42856734460494
-0.802190720988443,0.0498786234670234
-0.676328341881585,-0.193013014813519
-0.558592992788088,-0.642166476827444
-1.45547245865725,-0.00061845054609191
-1.36923834735859,-0.0146924690712629
-0.781280114790814,0.571110996166735
0.230400006315866,0.762129205761899
-2.06037282153663,-0.171430289448166
-1.06381215987559,-0.315241306564217
1.60923743625912,0.880425069369631
0.371822301852468,-1.50489254338077
0.60389549686262,-0.388789240618459
0.390925734485257,-1.48579888537781
-2.29297865352153,-0.460660376722914
1.78253745584821,-0.156688565148375
1.06680829084115,-0.840620559970424
-2.03704656430774,-0.343875454940059
0.546489948038462,-1.33392880805508
1.17917818203012,0.609466556145018
-1.72117454140954,-0.101447450724232
-0.606206249320421,-0.337977364531756
0.726247560142669,-1.3389421903098
-2.05055213556218,-0.186547809838693
0.338691574058597,1.40611667108255
0.3624369213723,-1.51431870174708
-1.95970204531565,0.581297452683495
-2.13479281309476,-0.810209707333132
-1.04938919490922,-0.118935209624145
-0.573191574359377,-0.829915184824215
0.67630162090394,-0.36429965428305
0.838425026525127,-0.743910131213397
1.20620562190709,-0.152511973690048
0.131294701552398,0.97832556467911
-0.77265193172445,0.0926811428380846
-0.420687039407102,0.294247481900186
0.757381476377178,-1.40507683168277
2.06146758823502,-0.502254057800151
-0.558995960245255,-0.703915857642166
1.01055496318262,0.337575294076718
0.524844190800295,-0.429546512406166
1.82370265123986,-0.128416458668191
1.09341632591538,-0.85700599668458
0.710986479108954,-1.30727447738172
1.10068258732683,0.479918297276255
0.749328049995277,-0.346514332850513
0.759171370011902,-0.344319586035315
1.08011461212826,-0.848806284668066
-1.2309069085951,-0.0325231241823781
-0.559285378557064,-0.617104453283635
-2.08788363079066,-0.572450859904937
0.589053181853251,-1.29293557382119
1.21310352565621,0.868034403542291
-0.959204536223245,1.14552560735436
0.308130623711389,1.14621235816546
-2.13061898925903,-0.792163281439058
0.202980852507142,0.905170169683093
1.41217453097691,-0.165733183067152
-0.62461964694866,-0.294401319629133
2.07791421706409,-0.517765895031081
0.807671766093643,-0.824024123947016
1.44498868214834,0.803282277099217
-2.07033562196288,-0.457408685296406
0.533418468279841,-1.34653812437099
-2.11092944408551,-0.697749641456593
-0.608300923605057,-0.932905143857492
-2.00826483290775,-0.252963564323783
-1.24236885946279,-0.0311265184837804
-0.791117591243724,0.603138133979373
1.90676879400452,-0.354841162720848
0.900378255585621,0.157824130872765
0.881698583965122,0.126897126657359
0.141243580799203,0.967414612697733
1.34304420228467,-0.160661806805225
0.89689500073785,-0.180160726211195
0.313926860930567,1.16947560315947
-0.650097585132331,-1.01164146185829
0.738680218747984,-1.01453372934777
-1.06358613109442,-0.312476277845458
-1.05773941434629,-0.237276133740958
-2.00347583769198,-0.260625072578502
-1.64848026750773,-0.0535478562714848
0.337643421460369,1.30107765016066
0.81199566910796,-0.812538161910908
-0.621987789403093,-0.961955369562453
-1.6228489081331,-0.0367400693325552
0.955843015076803,-0.770320105254225
1.60299811331765,0.877553443323607
-0.702395347543851,0.313406436900095
-0.81893264610226,0.0315566876999589
-1.62045693820162,0.185274150359741
-2.16594085637666,-0.413574614039877
0.248685055010206,0.601456493004588
1.21005808648206,0.899748039212796
1.9885696223231,-0.0502990499723249
-0.566319687688396,-0.791665769798641
-0.690192057064805,-0.16871529653768
-0.0563542434490476,0.31601610637795
0.527456775907958,-0.427834612094381
-0.610719270188225,-0.938231839984752
-0.750534154112772,0.470666496616575
1.44808602531277,0.804778067641048
0.52236530478814,-0.431215285115979
1.16595554186199,-0.903137717159821
-0.631758671366586,-0.278856191437172
0.779377346240776,-1.45157975245529
0.553032559687496,-1.32762022421622
0.22658889250586,0.901088956791513
1.22902918766082,0.740507541197179
0.417210857624191,0.31003864792289
-0.828997478276811,0.72660762012405
-0.75794803038224,0.114111760459772
0.264072381047624,0.464160610761373
-0.569470664936483,-0.491038671430991
0.233121657620346,0.733980638209526
0.616039935412728,0.200034679332525
-0.699068347200493,-0.153526297875111
1.12875214391676,-0.879162346440284
0.471567049978122,-1.40642451158322
-2.10634401671659,-0.675083935483388
0.545094406344515,-0.417258928272371
0.25618083711817,0.974217390962232
-0.982950846303221,1.20297814719338
0.250071030361051,0.589396014587789
0.336829218550244,1.47869416897387
0.384533219741816,-1.4921739538775
0.262266454306048,0.990661940496735
-2.10264170208459,-0.656183204108951
-2.30613443735181,-0.465709318516281
0.854112559740422,-0.704117212878271
0.668994329368297,-1.21993368197139
1.95118561169169,-0.397441554929125
1.12434573702685,-0.876366027830071
-1.99588449272943,-0.282651956359774
0.731298270615595,-1.34950319868526
-2.03835483699412,-0.205478443147035
-0.558726648610877,-0.635913268757118
-1.76599798375209,0.382192562873859
-1.99271505707835,-0.277944348382101
0.509700796761219,-0.440569577793297
0.605459373744834,-1.27716255668065
-0.855187901727461,0.813475346956012
1.25158504121065,-0.154860849909669
0.868082503064976,-0.0224267452128301
-2.30088557925946,-0.46369667673662
-2.09232849220977,-0.599200721273439
-2.12662608249084,-0.773403227233306
-1.81090928269805,-0.160836066929395
0.686715249777936,-1.25698733201025
-0.656344086342228,-0.229603540715385
-2.19524550474611,-0.424114341166583
0.298731495626458,0.373677709240984
0.27094129716342,1.01550675068456
-1.5576791352374,0.0580214953343307
-0.725924729930668,0.389951103933868
-1.6442055865306,-0.0507394565791086
-0.993872260578607,1.2279672704737
1.50678554825226,0.832797248699023
-0.596804868838222,-0.905970462691682
-1.84179952412305,0.467308694355282
-0.903330398974812,0.973137240298683
1.20863064739868,0.921290085869613
1.15943018677762,-0.898880590783072
0.860532480724075,-0.315235064406208
0.761006036318682,-1.41293592070617
-0.586678852556166,-0.878410737961077
0.439213505400705,-1.43807583903677
-2.12504634215479,-0.765847801196557
-0.907804541808626,0.988474300448883
-1.06135362892873,-0.284704764686547
1.02148230748775,0.354868396364185
-0.914568232272194,1.01133645384775
-2.13771900120435,-0.820178640456562
1.21050377145265,0.894585360450882
1.63088540228539,-0.181459839514306
-0.752995462174458,0.478738080028483
0.894875314136972,-0.187665388788411
-0.741559090994612,-0.0831790572382021
-0.861173909347242,0.833091129568854
0.339085504765987,1.38794635420746
-0.434932424602384,0.293878315194104
-1.05216467950301,-0.158576524117381
0.884769486336543,-0.225205911587979
-2.07882372724865,-0.514956340271356
0.759801895723633,-1.41032280739056
-0.838592674044736,0.758325297157652
1.23208370639374,0.718648612568179
-1.54299338662089,0.0196024705200846
0.406972001865035,-1.46985910036729
1.89949380671423,-0.0852439910860571
-0.558516075117066,-0.685545072931003
-0.591452149181726,-0.38144228135742
-0.971261781868964,-0.0271340498604035
1.04689782357583,-0.828288272097758
0.381344693756,-1.49535918324405
0.513322479371984,-0.437734426440887
-0.666203722070978,-0.211277601279338
-2.07143653102855,-0.465098505612055
0.734580763478431,-1.02611447618458
-0.468377744196469,0.290546105713727
0.940394388404153,0.223844916916374
1.75368958150632,-0.17726764033651
-1.62255258970575,0.188733534624985
-1.63955148122342,0.216018068994309
0.323490310887035,1.21020845334695
-2.30874847379481,-0.466709085768052
-1.12906401160242,-0.0442362244433174
-2.09630989516104,-0.622055408621898
0.484556881372442,-1.39379495222835
-0.619430873209276,-0.956722045563725
-1.80481274722999,0.426684069100316
-0.278016622765568,0.299371310296765
0.727511907206814,-1.34158090184407
0.854214884865482,-0.697043635458262
0.387727118367937,-1.48898696587933
-2.11874977620284,-0.735564344981438
0.442443793515144,-1.43490508748867
-1.55322923683568,0.0465199355775851
0.394128510855292,-1.48261025557349
-0.561663229724767,-0.749625641277002
-2.07823918839421,-0.51112500527677
1.82064340915574,-0.272594139282262
0.908388699926462,0.171057720027994
0.517109339685007,-1.36228368662562
-2.01905132855372,-0.235808588703749
-0.457570146294276,0.306003075355207
1.11993571692437,-0.873576404200967
0.592332741698785,-1.28978191227939
-1.04585928118075,-0.0654228271339491
-0.573450440086346,-0.462592731309761
1.29719919268056,-0.157506839912143
1.02922236405695,-0.817199697271765
-2.10048220435359,-0.644825915460087
-0.653031097779168,-1.01584583651313
-1.0456979893326,-0.0626268191330803
0.338895720554534,1.39703650675732
-2.08419571502293,-0.549464231837892
0.338960895137019,1.39400704083246
1.03585472764579,-0.145217663574467
-2.10785762145413,-0.682639089671257
-1.62675963998348,0.195619274162629
-2.11284108033201,-0.0967500111077818
-2.33564027652909,-0.476436673971439
-2.25075356642635,-0.444573245396774
0.807112633868413,-0.333845948477265
-0.560192505981774,-0.595140620780123
-0.576017083918031,-0.446960803359409
1.05179486490493,0.402275550494004
-1.1910218061922,-0.0372335982249355
0.511242384981119,-0.439345179973514
-0.758517267393397,-0.0554746114625095
-0.623949724787357,0.247309412299548
0.500823841330531,-1.37802997097423
0.79906559876683,-0.84703689998868
0.497568803133192,-1.38118109459222
-1.05017945942278,-0.130257610268318
1.21148304355186,0.884069753337405
-1.07864995308086,-0.0501362643307403
0.242473385356979,0.653639113728056
0.595613303104635,-1.28662771615181
1.04628123022021,0.393669424193189
1.2343858505631,0.702257703563593
-0.564373833259994,-0.776748607159164
-0.580540670688821,-0.858670873134612
0.740091472562837,-1.36803090087905
-0.61317001538036,-0.943539516364288
-0.877946102170871,0.88786028584674
-0.678737625092788,0.236516867623863
-0.652691231726928,-1.01536504303053
-2.28505235214974,-0.457618878576866
0.942505818295771,-0.761699255723539
-0.990742896375527,1.22082868793704
-0.684793316918568,0.221672644421495
-0.456788558247583,0.315856568025736
1.44451694528473,-0.168051661896003
0.248218819126079,0.605475010401609
0.238576550393499,0.685782539359623
-1.05097281065461,-0.141585688859399
0.726412385483619,-1.04925878730262
0.704591704886794,-1.29404678169822
-0.58499702278893,0.258162127425207
1.67784596240301,0.911252675922982
0.994266648750555,0.311499957782993
-1.05856234312886,-0.248444303417531
-0.411189850636367,0.294492294778915
2.05532751141625,-0.0309308634531552
-0.387451895057327,0.295144167114157
0.684171545451581,-1.25169389019869
-1.51282249279938,0.0102471754206085
-1.06682401694605,-0.350680562424225
1.18690144061604,0.622425524232178
-0.56074375424174,-0.737466912945035
-1.06541255964909,-0.334497713415764
0.374987576842119,-1.50172026794223
0.330566733650768,1.24524565731005
-1.94909704481947,-0.250195633193501
-0.798139666412013,0.00913158389146805
0.754946041259812,-1.39980978271757
0.564509649751411,-0.406955829549863
-0.727155678440583,0.393983526571667
-0.037726925179139,0.318115717675179
1.11772959015583,-0.872184376913935
-0.826581367292985,0.718681608154041
-1.29997684554607,-0.0239561271406994
0.435983998406693,-1.44124782638071
1.17460604199409,-0.90882581973337
0.238095475388815,0.689804986183931
-2.33871302417314,-0.477383028966066
-2.103372123392,-0.659965679612377
-2.01490060464092,-0.310918277853673
1.79277942130741,-0.246051502665097
-1.05733352074382,-0.231689190045826
0.526891131510894,-1.35283777441859
0.641021540786534,0.184689873405948
-0.636611314566182,-0.989927867551121
-2.04336611294776,-0.35327746364867
-0.637989358956878,-0.992348541920813
0.69591807680169,0.150693634000012
-1.58867806041705,-0.0145561148647877
1.98628313039849,-0.43108658837858
-0.564024496889621,-0.773752835620501
0.319522476967452,1.19274277177068
-0.761610703559164,0.506958554864987
-1.57961928484828,0.110858138150173
0.703312067734469,-1.29139942514989
1.36144339925813,-0.161994820569426
1.81831663475719,-0.27038080402322
0.284139032487618,1.05747823733257
-0.558467902811106,-0.682472159318207
0.349898118241007,-1.52705156080892
-2.06978800041634,-0.453562140618344
0.982334767871505,-0.143761744534144
-2.11953593697374,-0.739349704798431
0.852359540480857,0.0781469796616033
-0.373195394716441,0.295581652253323
-0.720974077861428,-0.116944471989085
-0.602414032175579,-0.919503498852698
-1.34616277279339,-0.0179162779635123
-1.0658776307304,-0.339946615964384
-1.85528172066073,0.481503360652669
1.22031921872719,0.805902069492963
-2.22705695392016,-0.435744022295861
0.681892379471317,-1.17669127593874
-0.536415136247907,0.271697956524069
-1.26536582145681,-0.0282900287387082
0.0458189934085736,0.331502329923764
-1.68696977491875,-0.0788781884900354
-0.59790093724042,-0.908688570686861
-0.521852307716762,0.275743582477817
1.72993003310309,-0.190592306035345
0.741341807201147,-1.37068145356663
-0.592565876659844,-0.895033530010274
-1.0661119782988,-0.342655119655244
-2.13225612585365,-0.799548717272247
-0.916855127916346,1.01893166967791
-0.268508015686483,0.299847273600328
-2.13308973759589,-0.803183594979699
1.09860352706389,-0.147365718122656
-1.90988840175903,-0.225198387381863
0.704129760513651,-1.11292099476159
-2.04078627206994,-0.201691130611786
-0.59627908796018,-0.365840491848513
0.368670160786931,-1.5080548576865
-0.61773520913432,-0.310004117168018
1.74176439789221,-0.185865394722184
-0.9055676623079,0.980817147137365
2.08514335178312,-0.0237739763927787
-0.202274310679185,0.303962421649278
0.918078828270935,-0.745854719007747
0.243349437387234,0.941595167955233
-0.739462145308259,0.434344023966174
0.776148210074189,-1.44537208607478
0.275506896924558,1.02940889975693
-0.561800993057628,-0.566962243218026
-2.27712255331404,-0.454582705504839
0.235921297679896,0.378062752349501
-0.652048976630527,-1.01445243160789
-2.09112402541305,-0.387480678904759
-2.08602806310588,-0.560963329554128
-0.929791002934444,1.06043218671397
-1.11223229108781,-0.0461689981013261
-1.59990089163515,0.150288462369203
-1.5013337464459,0.00804036250323714
-0.756631270906331,-0.0585537166220589
-1.06972258821955,-0.377509075591259
-2.11326184187642,-0.709087002257595
0.756165544959804,-1.40244556013085
-0.756687892978262,0.490840602208221
0.848909603720278,0.0378089368749098
-1.04919246033357,-0.116106139460027
-0.455239132728108,0.337734871260193
1.4140622223319,0.78823270740665
-0.572048165658075,-0.472035568226168
-1.40382612772909,-0.00947737271032728
-0.145393726569554,0.308357082773075
-2.02756218474303,-0.329758913632444
-2.09040092372128,-0.587746242768837
1.21200647125247,0.878749744170854
-1.01677793644408,-0.0438198730103502
0.775052096726189,-1.44313801919652
-2.03229539766747,-0.214948067047211
-1.35193153026523,-0.0171269940470755
-2.26656028043879,-0.450554219237803
-2.07707846948742,-0.503463142654703
-0.45695233251091,0.31373081531715
-0.661236664096805,-0.220432743945044
0.303890800085125,0.370870006059879
-2.17393618158879,-0.416432829431744
0.700092694125209,-1.12450332328045
0.956485011868099,0.250220846320218
-0.584632474349552,-0.406486931654664
0.739552475993164,-0.348723580700248
0.523629423211669,-1.35598669242389
-1.69124538110521,-0.0816963567844515
-0.7653010623743,0.519025075268794
0.882525897579319,-0.722704328275451
-1.42106852496547,-0.00666895220878846
-0.565060300242066,-0.529158182787091
-0.60357146936297,-0.922193803009978
-0.647627397104143,-1.00798295676632
0.539951492580588,-1.34023516722504
-2.09837144540512,-0.633450947027357
0.857682888675954,0.0870114952938771
-0.648904892731785,-1.0098903417862
0.778920437600929,-1.45074545587132
-0.456127292749386,0.324800246919634
1.62170858136683,0.886142340544849
-0.458252275834821,0.297934937852719
0.68998912142528,-1.15348427489118
-0.58395268344354,-0.869995066423425
0.789060459106241,-0.337763432960161
-0.741922470368971,0.4424154993882
-0.84570639734113,0.782033649597058
0.778146414067689,-1.44929459154692
-0.566750788769259,-0.794637178674837
-0.609342622337318,0.251375287788493
-1.9621815791987,-0.258522649583706
-0.608644189146708,-0.331785906211408
0.556304871100534,-1.32446570377203
1.91002077744936,-0.0803180838608434
0.670960077556768,0.166162818757215
-0.786197656010364,0.587122851230534
2.04701629128812,-0.0331480530795193
-0.154863148472629,0.307607155442895
1.45118406265098,0.806272307976551
-0.593329222149745,-0.375190335938854
2.02852940240802,-0.47110028419155
-1.06004434411646,-0.26797727957514
1.93948542450923,-0.386198789720259
-1.05898017956791,-0.254026369571534
-0.330314906771666,0.297091765760576
-0.594294245302878,-0.372069505145734
-1.56370557275258,0.0733078789426566
-1.74567184586993,0.358155761725757
0.784200407663935,-0.887306323481146
-1.06634772503615,-0.345349471797815
0.848725685749961,-0.32484547753895
-0.559399186366075,-0.613965764887046
-0.605917252539033,-0.927559275450495
-1.01572526620024,1.27674140575477
0.738839456692302,-1.36538098311924
-1.69855425857318,0.300089757680057
-1.06981745737673,-0.378185145979581
1.93132192856768,-0.0710295611025959
-1.73812060819529,0.349071742679148
0.226244883362323,0.814624013134765
-0.768974089429427,0.0980337989290863
-2.1044945567092,-0.392050526191272
-1.05434710176526,-0.189644842406656
0.351370039000513,-1.52553409900445
0.338326461639269,1.42120410296861
-1.80742811556124,0.42962123375711
-0.863867683978924,0.0135498055587371
-0.455603009773812,0.332312248209426
1.17147833297942,0.596501723633488
0.566123811209442,-1.31500390155861
-0.455270820242562,0.337256286128052
0.339415335412096,1.36676030264125
0.737585886835625,-1.36273187886834
-0.81331730370666,0.0338191674146628
-2.12981183777711,-0.788435284646825
-1.83912438899313,0.464451104958789
0.266822054940329,0.439946824088707
-2.1179638922722,-0.731779674171687
-0.787427316131886,0.591126677258581
-1.35770012649182,-0.0163270973005124
0.857720858678168,-0.43584026857281
-0.818085813855744,0.690909697539711
0.339432194450748,1.3457027448581
0.719908358098358,-1.32575513044842
-0.455304776003904,0.336744749925292
0.56617034362548,-0.406122071898605
0.695639829177636,-1.27551388470889
0.468324466792989,-1.409584344634
-1.06755184742967,-0.358445737649342
-0.455419907736326,0.335020579885476
0.230043132135076,0.766155070489182
0.336833510480589,1.47951733772724
-2.1282126232179,-0.780937327566795
-2.20588069093105,-0.427979828037567
-0.558413098652834,-0.654636258596075
0.140102726139235,0.968641284725249
0.338565375416944,1.31590223551167
1.22935692556902,0.69098410341249
0.0411949243282694,0.33060669957108
-1.79178964236002,0.411939611394137
0.41018913857609,-1.46667390472006
-2.06869808049614,-0.445866425705346
-2.10709870510657,-0.678861658670637
1.80185659730408,-0.14315289492688
0.233968425681896,0.725952513496155
1.11331538497283,-0.86940634242202
0.822901131207628,-0.783902797527317
-0.567657679015435,-0.80056751610247
2.06381903265261,-0.504478075421508
0.461845375924655,-1.41590719882706
-0.531562233212133,0.273046834878272
1.33998401698303,0.751622186677951
-0.72223116270655,0.377864738483007
0.549841110986205,-0.414635470841358
0.569397331539929,-1.31185090550183
-2.10938695721398,-0.690193875025962
-0.566069187482727,-0.51964011806515
-2.18192981582142,-0.419303878702709
0.241496984737939,0.661665488283323
0.680361960034606,-1.24375306956673
-0.4550607693618,0.34045007871228
0.724982071495921,-1.33630421238341
1.4017055188985,0.782164447553885
-0.561195949910113,-0.576353042927602
-2.22441765225647,-0.434770655248737
-1.32885031538377,-0.0202300710120454
-1.05037760179986,-0.133089302850932
-0.456869713198039,0.314798925208238
-0.651163613909119,-1.01318470713675
-1.05395083015746,-0.184010001817763
-1.8498677950074,0.475842230125513
0.756241717935703,0.113347641013101
-0.600132933231755,-0.914107120467189
0.179480421692955,0.928397485037748
-1.0587707024709,-0.251235471147017
-1.58132118462609,0.114523952180746
0.973423563412031,-0.143574487687835
-2.1117047603051,-0.701528192335745
0.235292168727342,0.713914113071886
1.0953155703468,0.471274546653061
0.66322857691028,-0.367916436426119
0.478058338981339,-1.40010779891627
0.685443034010587,-1.25434066897787
0.236672455555167,0.701866743836713
-0.811414740722207,0.0307300991400117
-1.65484149735899,0.239414385206171
-2.13649648770078,-0.816428719079458
0.866581513881694,-0.292764224036365
-1.05295906193063,-0.169892783911682
2.02147397628583,-0.464438320116223
0.836726806549192,0.0635331303323904
-0.701148189103227,0.309366972440486
1.89977343375303,-0.348147900846065
-1.06426593158039,-0.32076277777011
1.45839946611555,-0.169021991607347
-0.788657181821325,0.595130673914163
-1.73400303698144,-0.109923261219286
-0.867186752325839,0.852694783219769
1.22456643429874,0.773272655020268
-1.72560227078294,0.333855690419462
1.33845030588633,-0.160333321924707
-0.594655382803972,-0.900515391411058
0.712472605176168,-0.355081644050683
-0.558714549601032,-0.69474289164664
-0.615061913722141,-0.316243240922906
1.8276262006569,-0.279235133680959
-0.197547821007603,0.304314149789649
-2.08664384302437,-0.56479395112345
0.0180189447363485,0.32639059589815
-0.822947346162502,0.706790196917515
1.87361239510035,-0.0984457276566481
1.96379107083458,-0.0585668436493539
1.21919563237099,-0.941207180291441
-0.777592267552462,0.559104528756331
-2.25865182626971,-0.447553520502706
-1.60150051398611,-0.0228427174420294
1.10889866165684,-0.866636695955151
-0.595722846288671,-0.903246152235962
-0.824159907539083,0.710754992006499
-1.06658502335844,-0.348026121750608
0.641548177004578,-1.24246988701897
0.423075675773192,-1.45394880018959
-0.620705572214141,-0.959341976440968
-1.04860535260812,-0.107624137525812
1.13250570306744,0.531672570364408
-1.57466020473264,0.0997482225073642
0.338402146017416,1.41819246191546
0.598894718942885,-1.28347302936498
-0.455098340632034,0.339875187205991
-0.55888774154663,-0.629650307229273
-2.0910393012552,-0.591566115295273
-2.08850795336725,-0.5762770414842
0.365537661782447,-1.51120076948557
1.83104506297397,-0.123661257836874
-1.06291114079836,-0.304166106302094
-2.08358963854982,-0.545629446391439
-1.79959298870355,0.420797841929579
-2.31908971255707,-0.470622447332563
1.23131779590839,0.724112123415131
0.211276251394489,0.897078639494601
0.854798141655982,-0.661673548209188
0.751267868281923,-1.39188231253816
-2.11639334437258,-0.724212551621234
0.816338933906967,-0.8010723347498
-0.976953031023406,-0.0292227893118353
0.736099606841324,0.125813632722113
0.772787039755065,-1.43840067206998
-0.455761233703497,0.330006539001541
-1.06853450165816,-0.367925350981661
0.753079275887612,-0.97397422311136
1.46048035556609,0.810745560314683
0.359391193528948,-1.51738685015099
-0.965571616098743,-0.0250438740500272
-0.576644066311692,-0.844368076469491
-1.06157448673332,-0.287489690158833
-1.174056377093,-0.0391650517034913
0.900294433758503,-0.734287807594396
-1.55028822421489,0.0388393937564989
1.88647279901697,-0.0916816548319091
-2.07511471309513,-0.382075968296853
1.72525562710405,0.931289821121298
-2.11015672761649,-0.693971568550825
-0.558536889905681,-0.645288809622436
1.0672198019271,-0.146240657171246
0.740733125759356,-1.00874133339548
-0.569135779145152,-0.809429016356194
-0.7176314122764,0.173179252368513
-0.563363509249745,-0.767748122515216
-0.558573161084801,-0.688614330421382
0.579221108820392,-1.3023937743725
0.857420924728599,-0.478226413935619
1.15506861980753,-0.896048649855837
0.868352741831562,0.104747033717414
-0.780050810070758,0.567108774882481
-0.755457055132017,0.486807382234714
-1.59213148979894,0.136140202407473
-1.01107725041462,1.26662983934055
0.296920130987577,1.10296081643386
-0.947139520435352,1.11249865508159
0.736629350306547,-1.02032483258568
-0.814428644426366,0.678970739701663
0.489422612783553,0.272412673136163
-0.808316011522339,0.65903765518921
0.356446952912464,-1.52036155493658
1.92545098874942,-0.372730563994864
-2.23232991727946,-0.437694302764778
0.338476403175223,1.4151776547998
0.473915925994413,0.280531553926129
0.858260945601333,-0.35802757830653
-2.07644180045906,-0.146988355996662
-0.928591829083605,1.05668370302699
-2.10119667707476,-0.648613471549487
-2.00227903375434,-0.262544024639294
-1.55440420986595,0.0074835086147386
1.13755028242571,-0.884771753358643
-1.06069522281364,-0.276343962385704
0.858361891570351,-0.343894050331377
1.09563067832173,-0.858376523160127
-1.33462253940954,-0.0194668243991135
-0.937161867622422,-0.0145543801346686
-0.587060362888009,-0.397100063735597
-2.32414261841393,-0.4724853635053
-0.649951644742159,-0.241857671348491
1.00462361479044,-0.144304413863019
0.00408218931648848,0.324061827523856
-1.06113342705461,-0.281918722225097
-0.646295597955007,-1.00595657324148
0.608742215743769,-1.27400701412381
-0.559177113671368,-0.62024259801347
0.268212078406929,0.427862360629806
-2.10984599547544,-0.393892922213928
-0.582214811023447,-0.864347079109041
-0.558397756141245,-0.676314670839874
-0.019141449740807,0.320548763128819
-0.131236061547132,0.309491874415443
-1.5667706942279,0.0809165102796985
-1.97526520570606,-0.266843909632469
-0.859973177036195,0.829168568601704
-1.76856005797972,0.385180867299279
-0.640764370680204,-0.997084935253634
0.932380778696933,0.210653677861538
-0.558368759202805,-0.660849922541624
-0.567196657929603,-0.797604476008531
-0.578931407682548,-0.852968263358729
0.777194235252011,-1.44745362521143
1.17661056594848,0.605144440586298
-2.09506148252339,-0.11945447656992
-2.12032232032793,-0.743135656728664
-1.66130951765927,-0.0619832714627382
0.533017745943541,-0.42433265747045
0.768137316510936,-1.42841691461142
0.543220100234736,-1.33708236696855
0.88436661337897,0.131320824379332
-1.0497837742804,-0.124595366067326
0.263160433170146,0.472251138514876
-0.776363078487972,0.555102185412111
1.86020439567442,-0.3102833974592
-0.457297092198149,0.309364130370725
-0.507273516145787,0.279788059792365
0.618021248114009,-0.383045328101263
1.4769084216752,-0.170279669512461
1.76261108081977,-0.21738454554938
-0.287525067843751,0.298914319012724
-0.633878902408632,-0.985001584041586
0.857964901210101,-0.400476593789968
-0.568668334727594,-0.497392972140297
0.889702217329765,0.140161500965487
-1.54582754830566,0.012995307410548
-0.613745771273008,-0.319359089152352
0.132094222096132,0.977432149466872
0.631714756936891,-1.25192453017309
-2.10873757552263,-0.101234972113163
-0.581647972005521,-0.418969107071643
1.96288416934655,-0.408681385044039
-2.33137794664913,-0.475035805004255
1.1681247581897,-0.904558816492028
0.916391652732827,0.184271851564485
-0.686177684617008,0.260808230078345
0.857366778624103,-0.485277091895794
-0.61909042338312,-0.306882447490155
0.546666498555366,-0.416381506673816
-0.677504145717384,0.232468232054896
0.302963966656729,1.12594328485064
-0.920168882671259,-0.00820279010436197
-0.455706575437507,0.33079933986006
0.536684260199429,-1.34338709549572
0.337656862304458,1.44513090024092
-1.1346776118069,-0.0435980593522334
-0.45703639808162,0.312652780478099
-0.570403622299822,0.262231900048668
0.723715420301669,-1.33366675033178
-0.781139193297402,-0.0185751349218931
-1.04726772501674,-0.0878770363012745
-0.565111494590487,-0.782727562292832
0.746323645304999,-1.3812860035365
-0.888539948046381,0.922858406299906
0.758593652880106,-1.40770284205206
-1.06900387595368,-0.371964084243112
0.654008844953156,-0.370620931223958
0.339144225718835,1.3849159950643
-1.68196530294135,0.27819431886336
-0.739678824783283,-0.0862542080015118
0.745081380842806,-1.37863494930038
0.23230495638007,0.742015149879145
-0.297030980853808,0.298476136833789
0.857623285323585,-0.449978923132816
-1.93601281760165,-0.241861984482015
0.94231621668816,-0.1430588777969
-1.00540397072978,-0.0396517448692803
1.94207525314596,-0.0666728619617807
0.550811561979754,0.238890973255957
-2.11266801997152,-0.0969254216457137
2.00737777722328,-0.451119706892518
0.7663164774809,0.107112238207244
0.227709138496088,0.903778600517487
0.722447589233054,-1.33102957219928
0.743836896953711,-1.3759836868054
0.612025140138511,-1.27085144499028
0.735074539291001,-1.35743673096202
-0.746930456989021,0.130211526714683
0.37816239345089,-1.49854174470585
-2.18992097091062,-0.422186783219197
-0.0983960908883336,0.312173905308057
0.42235685415426,0.307355388151966
-0.972244551535362,1.17798536203421
-1.06986631596836,-0.378528454527787
0.203386702155416,0.369631867576108
-0.561918737252687,-0.752656914119537
-0.0516929722703955,0.316511877512964
-2.10566768354097,-0.104980025846187
0.268363781392314,0.38649876015139
0.400544597477036,-1.47623321538453
0.732558178624247,-1.35214641129467
-2.23496402823209,-0.438671519999764
-0.695733851730154,0.205486049446499
-1.56523306151725,0.0771160539567729
0.718636971515189,-1.32311742270227
1.10869845423399,0.492870742875069
-1.98398911210219,-0.272392257026429
0.231908130421142,0.746035153463342
-0.912299813699884,1.00373014920033
1.36604975838957,-0.162332426233222
-2.02145236130769,-0.232009870972415
1.16119342366942,0.579226642294446
0.860589964040675,-0.708359699984055
-1.06403874823066,-0.318003551432801
-0.568277091675015,-0.500571593181515
-0.724942373953767,0.162430714715596
0.403757061494369,-1.4730456221336
