"Dim1","Dim2"
1.95318525130916,0.165204217489959
2.37863977828468,-0.14458618438529
1.95072113957643,-0.247588277667472
2.26785161905916,-0.165731347730124
0.66699580467686,0.4673294868925
1.91233800866133,-0.0834964144963016
1.93147704710005,-0.724884509428802
0.77391888824509,0.426058643939807
-0.347555765083088,-0.68379590204482
1.90967515221079,-0.103963862272718
1.96368137102168,0.216203268402972
1.27133072359211,-0.391693469303714
2.09657749008783,-0.207363459570845
2.08068921971803,-0.656437026047657
0.72696775978079,0.995559265039507
2.14415386320662,-0.194971114550111
2.36313692988199,-0.147177473359533
1.95356618095017,-0.836228725497763
1.39500014360811,-0.417043059026151
2.15685577583924,-0.191732591543738
2.17272963238579,-0.187727944081222
1.09451237914913,-0.354766607942645
0.595345148160366,0.737792431366623
0.805356570336877,-0.284782534463036
0.892413536146038,0.39398049569353
1.93062923800768,0.041730149103935
2.08391679075424,-0.21073589774471
2.07052750657754,-0.651519860931669
1.99889320198353,0.35802775952893
1.98068476237871,0.289662470387368
2.05545127153033,-0.218451104683417
1.92057613848376,-0.0226024052425896
1.83160605312906,-0.476815150113145
0.769096135330742,1.02245088365397
1.98919111497637,-0.623818984594065
1.8905025338862,-0.264518522809243
2.03962125994296,-0.222812430455687
2.32195994151721,-0.15475881187534
0.0947213793082118,0.658728722681598
0.87653912762136,0.398444936507308
0.752523604129391,-0.272158824122161
0.653628647192979,0.908530457160864
2.11559212796118,-0.202360081776142
0.690299815076228,-0.0460725087456027
0.85866016232713,0.403329048166834
1.98379334894084,-0.622348900498058
1.94857060291948,0.141488920787208
1.81062123853695,-0.37537442102671
0.760075018158762,1.02375296428149
1.98756659133153,0.316413304496021
2.38165416600484,-0.144093270538082
1.9310647183403,-0.608725209619801
2.00100075655861,0.365560087867711
1.98567343655865,-0.237828547919196
1.6781895413296,-0.420965663575978
2.37250172264396,-0.145596206603313
0.863236599734571,-0.298816670643576
0.434657794035247,0.66469507158697
2.01051159208499,0.399308065273673
0.886020684341048,0.395796752015232
0.452593138064499,0.665343771819734
1.92293728093202,-0.00650268508874573
2.01580551500587,0.417973311766527
2.00345218631817,-1.06802945576761
2.28695688496236,-0.161770525838117
0.707301177944336,0.443374903691742
1.96791727253848,0.235684228392922
0.576117071407396,0.68288483840825
1.20694652854066,-0.378472330339942
1.96978879120567,-0.242263002060861
1.36273622191936,-0.410266358819159
1.90489189012334,-0.598368123424815
1.94176511566522,-0.776873647137974
0.758258657782785,1.0240158325967
1.93441589765624,-0.739744648057381
2.07187602697586,-0.652130035367536
1.07312452936585,-0.35021329259923
1.92559967955164,-0.695162942012848
0.740752562060274,0.434737746799726
1.89476342885942,-0.581607945390633
0.639905881362091,0.528665581139081
2.01899625756378,0.429170525798838
0.68900951559369,-0.0325415944169944
1.74584633388968,-0.411508595160925
0.84747931200925,-0.294961502162122
0.384240118687505,-0.831274402925737
2.02987670094278,-0.636105007718477
0.661306779714037,-0.308076606513576
2.02059472638166,-0.228093858470784
2.01793133913691,0.425437804375974
1.93801411586739,-0.251139277407904
1.96661099785721,-0.243150358095213
0.797182729063196,1.0185408545778
0.680919649117502,0.107220841139227
1.92014458873188,-0.605901907339431
1.96536121215142,0.224008584972334
0.770884234487376,1.02219378930913
0.669233476720471,0.462208827620614
2.16320635954455,-0.190124484353715
2.08075329950309,-0.211584148105675
2.18541973214317,-0.184567075107965
2.14732919992385,-0.194158802565391
0.787726998623121,1.11896759367037
2.397592836006,-0.141261408409228
2.24561065396244,-0.170474159528568
2.07863223188032,-0.655377745846199
0.788146466305129,1.0197530075452
2.05692803212662,-0.645853140490913
0.689419866969461,-0.037051433831116
1.94544587515951,-0.795425754075196
0.430578677854445,-1.03503786009818
1.68432949593889,-0.420100209295747
1.94987151356767,-0.817686480757609
2.28377185852258,-0.16242526771376
2.00311319282689,0.373081894276945
0.465990070800198,0.665862926861824
0.742339849559923,1.01165767524396
1.94629791859326,0.129588455081644
0.680434465090037,0.450256060638037
2.13462946657274,-0.197418532527739
1.96201874504587,0.208384260201363
1.96284796112229,0.212295277922385
1.92196357116617,-0.606375046125809
2.02813707544949,-0.635526883987596
2.15368024593082,-0.192539508851336
2.21393815519147,-0.177659460186671
1.41115250104167,-0.420499980929215
1.9299613239252,0.0377097744076227
2.293326399471,-0.160468076124559
2.01058031412112,-0.629975447241472
1.11590535651999,-0.359294921935117
1.90756797299971,-0.120363625571201
2.00348744006664,-0.627867625958302
0.784828780637979,1.02021323518446
0.418607438073309,-0.982420194792191
1.91340853966549,-0.0753267699696739
1.93652967153625,-0.610125666663619
1.79612328716651,-0.395496543379264
1.959556326417,0.196636271096021
1.94108833450662,0.101751829101517
2.12828173264416,-0.199058828081601
2.30924111455102,-0.157261122588471
2.02219653966832,0.440366937092733
1.95950026606856,-0.865865695561892
1.49311677397823,-0.519100740395642
1.87234544305596,-0.289688153622115
1.94199699264044,-0.611521663872866
2.33783985332968,-0.151728911863135
1.78888046141847,-0.405545537863959
2.02112921169702,0.436635662399523
2.01474465277288,0.414241440292288
2.00205659331154,0.369322422546188
0.692829094588717,-0.0686637926893388
1.96025497832841,-0.244925358247429
0.271846138507573,0.659509559446113
1.81149884623881,-0.443266539215932
0.412128217537049,0.663919232000913
0.419305969811727,-0.483637495303798
2.39941513715812,-0.140862148428584
1.42192942204499,-0.42282603428321
0.677860121148492,0.17483050260231
0.781424180926369,1.02069117092497
0.559069833949822,0.670991446695224
0.806737005007984,0.417320223528484
1.83663372228631,-0.485180900197051
1.46929176123777,-0.589722051190695
1.89428065465227,-0.231495350394931
0.726138812259323,-0.265908603248024
2.29014178665318,-0.161118080544598
1.45524717915741,-0.632355162816199
0.754056876805224,0.43127344065296
1.90914576580616,-0.108062332731352
0.611585890169583,0.589910120548153
2.35051799324722,-0.149399957406467
1.99814340080038,-0.626325083156231
2.00839805052968,0.391830570970763
2.25513317096212,-0.168420499930912
1.24453999440636,-0.386253794180415
1.99520024392929,-0.235170328457891
1.92192919617537,-0.67659362221137
2.14097875445062,-0.195785178749459
2.2012688230853,-0.180687532711805
0.616359211008198,0.798309307397157
0.714007600408869,0.441648892888544
1.90099680743492,-0.173762454301942
1.95554084133821,0.177012385835897
2.31242194886262,-0.156629717929429
1.98470617231457,-0.987673752675418
1.99367378295987,0.339157934045718
1.93955941221875,-0.765739476572386
1.49749523756813,-0.506220908247467
0.774438205244854,1.02168427822746
2.35683896208363,-0.148273788422888
1.99456924949392,-0.625313495207738
1.9529343159744,-0.614309879441295
1.75815687925305,-0.40979900604594
1.9146903886358,-0.604475066139279
1.97230178703597,0.255044270721902
1.89682456388224,-0.262721614362159
1.93470771869675,-0.609659458987977
1.99992704873453,-0.626835802277095
0.683174616034787,0.0621562840617019
0.606598865649308,1.02275924059953
0.655453664451481,0.931953790379343
1.9226628006732,-0.680306387967573
1.56175388984181,-0.437770803089083
0.673651133167699,0.324430534720701
1.96386220052979,-0.617109730895257
2.00020007240738,-1.05627186266367
2.16638121763841,-0.189323450993144
1.93265140887819,0.053782738574296
0.67480821196504,0.256312722267476
1.90197877641172,-0.165533300846847
1.99679471404531,0.350486417131577
2.06494048563813,-0.215858941313296
2.34418322168603,-0.150552619843858
1.5121654936039,-0.463337489674796
1.97932057612687,-0.239601783878411
1.79641859637626,-0.418090067102082
0.731410047188361,-0.267152185323164
1.50774879461309,-0.476163188904753
1.9611937028,0.204470571697891
2.31878136486832,-0.155378389809619
0.765106100842057,0.428379080111368
2.13780393775404,-0.196600986308381
0.660273645030105,0.482682290857092
0.785283230100733,1.11196340076485
1.91448282969931,-0.0671708372216963
1.92000118348412,-0.0266347771745807
1.97502521722733,0.266607306696168
-0.43978529959132,-0.751645197902162
1.50115105561874,-0.49547995385794
1.9402944824037,-0.769451278267783
0.77550772129814,1.08394813755499
-0.419620120072068,-0.67189522469576
1.98391742507354,-0.983986139502563
1.93288605915334,-0.609192668404356
0.347525505201685,-0.691792994277805
2.04869911998223,-0.64272082325698
0.778315499654983,0.424896887728592
2.19493092821285,-0.182228310455534
2.0364523340361,-0.223689811631418
2.31560203235645,-0.156002082086593
2.03328243094358,-0.224568546984184
1.90447744097665,-0.144986978476821
1.97837725106594,-0.620899661582322
2.01368503404435,0.410509458595656
1.99098605282664,-0.624314268503404
2.02289889903347,-0.633817648601973
2.25195735188078,-0.169100950998563
0.828498077511709,0.4114642547001
2.23927010596975,-0.171866242137582
2.06177784822718,-0.216720756641444
2.12510854344462,-0.199881568843083
1.96022192631956,-0.616173860686609
1.44377168977623,-0.667437220410185
1.9920249403739,-0.236056172761803
2.060118474732,-0.647118316596649
0.978305742750299,-0.327903346321141
1.95208747894848,-0.828813331658103
1.48438473343711,-0.544837482445681
1.82155528569235,-0.460060756971071
0.675364809170669,0.238216630246042
2.01107351323927,-0.230744923948585
0.789763086412403,1.01953118902038
0.772665244431503,1.02193818303297
2.39029130489284,-0.142647529747679
2.03507320984481,-0.637864034106458
2.30287722330989,-0.158534503693738
2.30605953377598,-0.157896114409445
1.91556284446062,-0.0590306350037464
-0.20199377799723,-0.648230131871455
1.95240815445439,0.161260940101217
2.00703856309321,-0.628913944194438
0.756439293466277,1.02427929861322
0.612571238862488,0.787310289084421
0.629319577464551,-0.33132296625334
1.89998645857975,-0.261825163639387
1.87451284667885,-0.548034103643399
1.92797975377686,0.0256468810075242
0.794799504645076,-0.282250934583726
2.32831472998292,-0.153532688297744
2.33466592361078,-0.152325172614375
1.99994612429636,0.361795127388649
0.8522928566516,0.40504994513594
0.751550533409497,1.02132148781278
0.804832575713415,1.16799627397084
0.792885691074125,1.01910824190924
1.94250074365554,-0.780584346348309
1.89665604719771,-0.210866977428386
2.26148958776887,-0.167070046740334
1.95086443737208,0.1533629249328
2.04022953907751,-0.639658648770464
0.226377161564443,0.658369323502444
2.00170839808058,-0.627349949366611
1.82658082918072,-0.468443068426305
2.13145538544039,-0.19823781428961
1.9516346529657,0.157313835626398
2.27421792053779,-0.164402424335159
1.96343303509303,-0.244037817672225
2.3755856036519,-0.145086901119567
1.50334765676961,-0.489035674777997
2.0115687458,0.403043313311483
0.413780421502542,-0.485802669116583
1.15330646937003,-0.367221663141842
1.79139413811297,-0.409724191550696
1.97999433548384,-0.965542942758341
1.97475730442922,-0.619943287565849
2.35368065637052,-0.148833360678639
0.754617277703009,1.02454329123384
1.99264258378639,0.335376651905247
1.95657899812102,-0.615240846145353
1.93333150859252,0.0577959407393769
2.06810289517687,-0.214999412966776
1.79250226538497,-0.400520967887213
0.402010295757226,-0.908555632143546
1.66591677003384,-0.422700145120185
1.87597603640301,-0.284652167938796
1.54948798020585,-0.439604894130704
2.12193585330856,-0.20070602976975
1.82909332400473,-0.472630197495562
1.93401486910189,0.0618063999111253
1.8871683599223,-0.569021382541679
1.94017434191319,-0.611056680966221
0.762037126695545,1.04547362302462
1.80144307555222,-0.426470698686852
0.747410840229466,0.433006712410786
0.826439206393834,-0.289857941438828
1.92732812045577,0.0216266576404252
1.45177283174032,-0.642991896833372
2.05367388747899,-0.644593641187158
1.04652942512719,-0.344409382267649
1.51346689051851,-0.443020404386084
1.90235950980507,-0.594180982174494
1.97141028654564,0.251182030261406
1.86871546628112,-0.294724757167711
1.97410911743699,0.26275641959157
-0.114140470077116,0.678081726940328
1.49093084359684,-0.525536275342017
1.93221176313412,-0.728599708792312
0.730043867992728,0.998777655564817
1.08381201196596,-0.352495245501708
1.94330138582244,0.11369185550424
2.35999162447107,-0.14772167690977
2.02464800212373,-0.634383188151656
2.15050468935724,-0.193348258703647
1.48365867071257,-0.546981931915695
1.91665137513962,-0.0509072403107459
2.01742132936869,-0.228977060927159
1.9753452668787,-0.943429423271689
0.878312471045893,0.397953480448833
1.93074233018194,-0.721169254937213
0.702740388708098,-0.141480392330498
2.27103433294545,-0.165065753808599
0.798473651794056,1.0183743770983
0.791464074581349,0.421405635380674
1.77045765080172,-0.408093134350026
1.27669026595443,-0.392772615454758
0.768170847019871,1.06294809231647
1.92929683867617,0.0336887990281201
0.642506190589476,0.875479723327679
0.808914941874105,0.416735465365426
0.860755803497544,0.402761351809131
0.73185601514863,0.437043110705845
0.891651181734185,0.394198437595229
0.350575794570841,-0.702086266774989
0.817621743169391,0.41439403016561
1.98018454425373,-0.621380649990691
2.05202682175543,-0.643966900110466
1.505546755143,-0.482595457309287
2.24878318698381,-0.169785377448023
0.262767021539605,-0.590935787567439
1.0624618610333,-0.347913512698732
1.91719984450688,-0.0468518812651439
1.96620806389724,0.227905119978342
1.89905476936472,-0.190242118758375
0.734082117137758,0.436466997075606
0.58705981203711,0.641144804341831
0.699494754668681,-0.118661802126301
1.96568104004567,-0.617579001775934
1.4938458860841,-0.516954990133777
2.28058688997971,-0.163082198249683
2.03851587059066,-0.639056634068328
1.59852508943219,-0.432341447926889
1.94470917424025,-0.791715474006083
2.2202702463017,-0.176176423814574
1.90148671335785,-0.169646979735002
1.89380750611345,-0.235621093180538
1.91610584819272,-0.0549668134196685
2.19176112320831,-0.183004455903117
1.82878732564111,-0.35015901075379
2.06913625013195,-0.650901605405776
0.601105107998934,0.754304181710425
0.616644314404404,1.00408374197951
1.92863616216586,0.0296676977369391
1.93808960242889,-0.758314466839811
1.23381235005173,-0.384046338756341
0.587660061721247,0.715790180958937
1.97656814004504,-0.62042058506271
0.815445602097029,0.414979702369451
0.674091881550007,0.288041772062499
2.05861482720874,-0.217584827970075
2.00734128246361,0.388087481657364
1.98947166707865,-1.00975539397294
1.9110172092795,-0.62104700478131
0.792614528274076,1.13297600734209
0.779696661122494,1.02093541776471
0.317993375241898,-0.581664396375052
0.677291313288003,0.188384173102964
1.97457768061931,-0.939745228015845
0.905177981614679,-0.309221148367216
1.83411939364324,-0.480998501236675
1.45455016542608,-0.634488334614548
2.07772367391786,-0.654920629558355
1.90861794177106,-0.11216188326005
1.18008712603834,-0.372866519866017
2.02693998745696,-0.226329434131021
2.02376765093945,-0.227211275196704
2.01763487996527,-0.63214622850883
0.85798624422802,-0.297528767746198
2.00789923874149,-0.231629432878992
0.683800808305512,0.950587497187145
0.4436369604017,0.665014591279221
2.07759029397714,-0.212434581253928
1.95727040563828,-0.854756794560773
1.95652848799939,-0.851052451936787
0.194524584295723,0.657693573234686
1.94928867032876,-0.613380188745787
0.674263241909542,0.278961615379213
1.69047198760085,-0.419236100332268
0.854426404576313,0.404473838470322
0.758337340825999,1.03500413273342
2.09974463417459,-0.206525160479748
2.04193745486242,-0.640264325039138
2.01686773464345,0.421705384637077
0.693384273280956,-0.0731923791403024
1.4381233585159,-0.684854215194074
0.597265720330322,0.743296215860384
1.95578716372664,-0.84734745239246
1.83242126564185,-0.345114535162564
0.385904979985105,-0.83831309415202
0.674570001665164,0.265364245462225
0.677103652709188,0.192908020494229
0.695729291636711,-0.0913436562442193
2.39294200684955,-0.14217332223395
1.88210562581688,-0.560626684176793
0.674685716288712,0.260837496344448
0.68692097851212,-0.00546611040871034
1.93820069502272,0.0858055228461293
0.0894335282921463,-0.609613024289304
1.4650379263155,-0.432273115416252
1.45734212841105,-0.625949232644947
0.716106534619197,-0.232722204378124
1.95009720236996,0.149408326533693
1.44634011083971,-0.659601687664506
-0.70301147288345,-1.10268598047448
0.674461047000056,0.269893616928739
0.821812480715458,1.2169602214201
1.94913332155031,-0.813976751797916
1.31427488833569,-0.40035391786584
1.07846582983704,-0.35135598162745
0.582125613374696,0.651413139213274
0.21272451560753,0.658063621543842
1.95504637554089,-0.843641818061089
-0.242838714020827,0.711228573534896
1.45804143805258,-0.623813331930988
-0.530450126009371,-0.870353213095139
0.51490033004716,0.668167979304367
0.80382232774539,1.01770874565116
1.87960714299083,-0.27961703746659
1.94404629990526,0.117668612957238
0.419402528385704,-0.98592798366486
0.414642156144414,-0.96487228471241
2.05228704038976,-0.219319516229869
0.569900612745,-0.374317243748919
1.84166660858308,-0.493545421767337
0.710688947811704,-0.196233007842324
1.91073765239534,-0.0957710514211248
1.45246511956922,-0.640872162447619
1.94397275621943,-0.78800518290346
0.848001468120908,0.40620767888441
0.673522672113845,0.351740149158821
0.601590069259162,1.03208707156397
1.468583737485,-0.59185004418211
-1.08677994234145,-1.29681597437578
0.887272505421843,0.39544312329353
0.317212826117874,0.660814432019083
1.95430606638638,-0.839935569507589
1.2015703979107,-0.377353163882404
1.95707691278577,-0.2458129592245
1.90549661821617,-0.136776064959826
0.776729782791011,1.08744967241496
0.77611804291471,0.425477890270577
0.711361898038229,-0.200792055938658
1.37886680522484,-0.413631155792734
0.0541643560319352,-0.613730202858808
0.466628443240277,-1.21704259760771
0.952220815698866,-0.321162196847352
1.99849949463531,-1.04945758607885
1.41654042712626,-0.421661015293004
0.475414566241697,-1.27682412397529
1.98708088365072,-0.998726971293902
1.45944122303918,-0.619542569814917
0.888408483890488,0.395121370065177
-0.207445157295856,0.70006004809298
-0.450646643033685,-0.765477183574269
1.15865626280816,-0.368353770617914
0.357466477821155,-0.72622560531185
1.48947464779725,-0.529825668925316
0.4708999652989,-1.2451647941998
1.94102970575644,-0.773162649333852
2.22976786799802,-0.173995074699588
1.77660237069884,-0.407242259895781
0.704051254620779,-0.150613380163248
1.94182202668628,0.105733497098264
-0.339440957348453,0.74697639209841
0.714747553606376,-0.223598352839035
1.92540690366847,0.00957051897270438
0.811092283433683,0.41615044618515
0.0901666516318558,0.658929014360857
0.442209481073169,-1.08750631982357
1.91681057260819,-0.650636224283034
0.674015953346915,0.29258564191437
2.01424756354373,-0.229860777866903
1.7150672504278,-0.415792729294289
1.95111156916977,-0.613844921733521
0.881652011449757,0.397023346600975
1.97052651451247,0.247315126867259
2.00522731153735,0.380591391012767
0.69758566875677,-0.104991261527078
0.476379521715757,-1.28386721346046
0.433738294607815,-1.04905498896191
0.644363648045925,0.880994421894728
1.91264341142844,-0.258251519113144
1.95874416484046,0.192715970313276
0.883202040917805,0.396589458055669
1.91394511506745,-0.0712469460255381
0.456333470757797,-1.15737298181438
1.9824971820831,-0.23871506376288
1.97113087260496,-0.618993508768997
1.51364301696992,-0.459076481389599
0.693953113827456,-0.0777247671366886
1.91173798095145,-0.624743640642743
1.80646994674579,-0.434864900315295
-0.323250617216549,-0.677599986465803
-0.638390906866218,0.889000042924297
0.870893513482701,0.399999443706288
1.97000881492916,-0.917624250596719
1.91318222469358,-0.632137236543773
-0.538248379989174,-0.880954642934584
1.98077593940729,-0.969231093027793
1.99269651119087,-1.02438886779493
1.92706885508853,-0.702592955753921
1.89239000670844,-0.248000718840921
1.50848359363131,-0.474021559661325
2.23293443860727,-0.173279737165753
-0.0646092944523008,0.671341900210374
1.89761232961646,-0.202615539015137
1.3412007624172,-0.4058358545908
-0.745379354707798,-0.3429675689142
0.810631444946868,-0.286049650502919
0.795833932864171,0.420239791664545
0.58573792487184,0.710295649483956
1.94839535059329,-0.810266763113539
1.57401761641212,-0.435946329764699
0.702316321939809,0.969840571894538
1.45874114628812,-0.621677700836124
1.88323864896909,-0.27458296326142
1.58014707438203,-0.435038964852665
1.86945191299333,-0.539640238339385
1.13193089788278,-0.362689879945952
0.26275648320385,0.659267576987377
1.49238790160758,-0.521246177100949
0.44370779414609,-1.094476525432
0.713390129570071,-0.214474067418715
1.4497084919886,-0.649310080529495
1.98884934856305,-0.236942248063712
0.774285557988257,1.08044686253294
2.32513774365694,-0.154143519302914
0.344373680908956,0.661667440286756
0.684917032150045,0.449113801501491
0.648074935984354,0.892017085938174
1.5249700453827,-0.443290846885931
1.90247319363358,-0.161421303405886
2.29969421925907,-0.159176093717212
0.545851090354657,0.670073680168988
0.684092504656489,0.044151699464182
0.196324691579486,-0.597934823578019
0.673509410013053,0.365392290533592
0.697947341250403,-0.281363310133489
1.89366331262464,-0.263619399308295
0.694534370076296,-0.0822608769325189
1.90652706997593,-0.128568380014801
0.635068831699019,0.853410545696193
0.609158908129675,0.595015664456765
0.947004616978202,-0.319819955885284
1.85420161899678,-0.31487342145201
0.77620200191316,1.02143232040366
0.413460040538312,-0.485432947892649
1.92633423629847,-0.698877872256554
0.487702412338673,-1.37198229036494
0.491183667027966,-1.40016725498661
-0.561434501541672,-0.912821857323285
0.599089170274827,1.0367486781304
1.47786870747762,-0.564123024372773
2.0353929706874,0.487779149278331
0.160587709733172,-0.601761433472077
2.00155013052248,-0.233399359280848
1.9112703558459,-0.0916772529305323
0.453665339176072,-1.14333899778643
0.369529713743173,-0.771547547726559
0.37658782846844,-0.799633350118082
1.44439820973343,-0.66552568571407
0.589581767127104,0.721287708866408
-0.487723596917155,-0.601862414926431
0.244571084050764,0.658803968849767
0.839356813698988,0.408537873838522
1.81652786903076,-0.451667456632413
0.365904835357129,-0.757545230025605
-0.157966310274695,-0.641369340618875
2.24243967241816,-0.171167666924835
-0.294087954580762,-0.670210010707207
1.48220771736045,-0.551270262705797
0.760690629615623,0.42953767254703
1.50921885110859,-0.471881392098323
0.425657282351565,0.664382036400528
0.411427084128225,-0.483082920108943
-0.602441963138604,-0.969465412362346
0.501258789637655,-0.423666867292139
1.90885959443454,-0.609953971319556
1.65978372671458,-0.423568855876427
0.601865518797817,-0.351237236262259
-0.43027441399304,-0.66083438805382
1.63526986063276,-0.427052484684785
1.98958062285172,0.324011894605856
1.08916143430895,-0.353631904377342
1.94765760728835,-0.806556599765155
1.6230201203511,-0.428803065019749
0.605345777025861,1.02509176504735
1.50041937673118,-0.497628356891529
0.608763363576949,0.776311820419712
0.59272237136673,-0.357854071637747
1.96473232926299,-0.891763170027135
0.716241823536739,0.441073395265363
0.999200666633006,-0.333222208731813
0.780511231364063,0.424315638376967
0.468261808405259,-1.22758223366617
2.0158749531688,-0.631597419606413
1.50188299285253,-0.493331629023163
0.514997019256889,-0.4137710142409
1.99635746384398,-0.625817684906289
1.48075871566071,-0.555557170255255
0.821172812610553,-0.288587137345103
0.684798835742674,0.0306427058589333
0.622004628292037,0.81481912861942
0.892107432384596,0.394068048447559
0.206545756775765,-0.59684821891395
1.51512402256221,-0.454822761832059
1.24989987563855,-0.387350345383276
1.83605419104246,-0.340071156443781
0.278111225324157,-0.58934076020496
-0.450950204473663,1.00957891088503
1.4566432656387,-0.6280851033055
0.621676987798774,0.994738375684501
0.405164080821654,-0.922635690178366
1.75200235468922,-0.410653454965607
1.99837529572064,-0.234284721236744
0.579025853310293,-0.367743329000774
0.406741036759774,-0.929682554663344
-0.426012002281937,-0.665257974028351
0.221883030465841,-0.595224700908893
-0.882518920832995,-1.23004225659643
0.496800829162505,-1.44571847649426
0.410984448696703,-0.482570204659295
0.677636172657251,0.944183758464391
0.391644874968312,-0.862932523693187
0.670456279881707,-0.301413871364195
0.574728133937288,0.666815334380743
0.556206956006496,-0.384165973246688
1.91020585571529,-0.0998666837129263
-0.672884987873614,-1.0650413016337
0.866922136878077,0.401085135173897
-0.000916339547201025,0.66508371938144
0.799945734411166,1.15398853958268
1.94781083627128,0.137524657221226
1.44767268269228,-0.655533308393175
1.44902597292901,-0.65139748821201
0.983526461608313,-0.329245820839588
1.97876955351073,0.281986118537078
-0.615346555332489,-0.987171224804501
0.317268195162728,-0.5958672879462
1.46435245756841,-0.604618655029596
1.4758092603547,-0.434659839886358
1.9662352775277,-0.89915677588984
0.618245578738199,0.803810609870847
0.729628664154484,0.437619105840507
2.03011161769129,-0.225448474261697
0.0192948789500113,-0.618090832924119
0.720707946523509,0.43992222066295
1.4785900381877,-0.561982841474622
1.49733467341502,-0.439438214000004
0.472942550938301,-1.25923313000901
0.599378082118985,0.615485046943949
1.91826910667444,-0.658045619945862
0.482970917720572,-0.436896110277537
0.533331928260913,-0.400596761783022
0.758480760422466,0.430116545847033
1.50271250508986,-0.440632348876312
0.837187974966116,0.409122371622642
0.103827166869295,0.658359118248042
0.145291075786621,-0.603413549347074
1.45426335627826,-0.429893060364077
1.99681644700261,-1.04242284975188
2.05530810103583,-0.645222492766345
0.742973350451982,0.434160959034614
0.769515638352323,0.427219388674168
0.864890314082744,0.401638568845086
-0.474262229835212,0.806328662157219
0.428281316075182,-0.476896332787725
0.683402920936645,0.0576538552086377
0.801747489567554,1.01796196013663
1.96925212517874,-0.913933134578303
0.67636841075427,0.211029500644351
0.524164650191491,-0.407181159219079
1.92233718920052,-0.0105238633916723
0.653530808859481,0.498019917957456
-0.430983165645607,0.785936889104411
1.46014165427541,-0.617408107437604
1.05183140869055,-0.345586422284298
1.73353291931204,-0.413220482460624
0.298595340845613,-0.587216586775175
1.91245963392421,-0.628440278552233
-0.167703630171062,0.68894408718439
2.00270553081914,-1.06552417963022
0.606853035078448,0.770811465767403
0.253664593537772,0.659032272807693
0.583815242730691,0.704804685851985
0.237217351206036,-0.593609365200861
0.0401061878566481,0.661820703706652
1.14261488676815,-0.364955574071008
1.48656472868116,-0.538403819000579
1.99598281304237,-1.03885487261893
1.96774182443644,-0.906547099368293
0.675680219202374,0.229160564883287
1.44038754919122,-0.677805611773723
0.675845902675437,0.224629560886138
2.03334503982747,-0.63727363587512
1.82151822907584,-0.360249039070596
1.92531949284955,-0.254692091842192
1.83914937402748,-0.489363004170408
0.717733025936181,0.985909120339989
0.656735130203966,-0.311403015786756
0.709537211326918,0.442799663867322
1.70276480504526,-0.417511969212044
0.330073641298722,-0.569794776609651
0.649928174933707,0.897524343825505
-0.751064343116984,-1.16071388669393
0.711700412683018,-0.271338038533856
2.29651058209975,-0.159820684057372
0.360327523671343,-0.736632112991473
0.706688423716261,-0.168873799689547
0.687891177817898,-0.0190086107180065
-0.694660888921447,-1.09248633007082
1.99161653528179,0.331592202888568
1.91973115897743,-0.665461041044835
0.38052417888506,0.662853744539063
1.4608424400469,-0.615274427279475
-0.610179673827636,-0.980080494542001
0.707351064397518,-0.173436100181604
1.16936502742392,-0.370613797803851
0.745192776672552,0.433583953327524
0.678634227302913,0.156787755140181
1.47931219485435,-0.559841733114402
1.49457524494789,-0.514808896256545
1.89982733710137,-0.589991846812655
1.5166089914775,-0.450575685173277
1.72737666032366,-0.414077216807611
0.674174285834275,0.283500295045867
1.99433062503764,-1.03165237942129
0.412362059931514,-0.484164635716033
-0.423881115242516,-0.667470185818547
1.94381980119667,-0.611986416027482
-0.764654332358398,-0.30976514658367
1.02015713344228,-0.338340704408205
0.884217970548555,-0.303996493722364
1.89857280587969,-0.194365728553608
1.91899973580615,-0.661752612449678
-0.571820491076131,-0.5184389109875
2.09341116819952,-0.208203618963578
0.708486633929781,0.976266023777665
2.00405956125587,-1.06995664929559
0.6282957650704,0.554204373526064
-0.462182519757668,-0.627850151898214
0.767301778589209,1.02270928054409
1.8517531470547,-0.510286828009513
0.483807647232595,0.666618040601943
0.427389833633078,-1.0210095000197
1.76430895002405,-0.408945473446086
1.36811435535638,-0.411383104207928
0.283229960720902,-0.588809878295394
1.9693155001784,-0.618520773738836
0.616412097789545,0.57970880027676
2.08046477455734,-0.656319838797746
1.96705995066732,0.231797095833102
0.149179297386389,0.657306898609855
0.420198436682552,-0.989435615408275
0.872822865106767,0.399469807503811
1.33042569343292,-0.403636395534366
-0.279498064166865,-0.666532050174264
0.779173727502894,1.09445325020924
0.68688511719405,0.953792631684895
-0.00547902620714604,0.665482351250996
2.34101238891102,-0.15113796945622
0.767311632436788,0.427799369033441
0.74962754339084,0.43242922120257
0.352576634705359,-0.708963698988611
1.44348681297234,-0.427523631104199
0.650489702361613,0.941205969194091
1.09986325830688,-0.35589986581476
1.6168961459362,-0.429682231283645
2.02114693883507,-0.633256317683512
0.973086541601802,-0.326556178512389
1.79893061554378,-0.42227847287834
0.350224642674954,-0.549973954010544
-0.573985043266134,-0.51634681703225
-0.0871704735075191,0.6741240416133
0.406713678690016,-0.494730611916131
0.371317475495565,-0.778562041710339
1.80898424618082,-0.439065293509831
0.435303548447176,-1.05605854305271
0.0491592981186397,-0.614335556933398
0.695126823116733,-0.0868005665078306
1.89286227238528,-0.243873612520964
0.0044255444390028,-0.620041097641324
2.40144855467182,-0.140377150487735
0.356500997998698,-0.722764966600395
0.0264444349978344,0.662833418986315
0.679640708326877,0.134252073483756
1.88687046044661,-0.269550095527531
-0.376734205931836,-0.691262859447612
-0.189773856878825,0.694863986636431
0.448117862871773,0.665177763619294
-0.153043758055991,-0.640689233350245
1.91287288669191,-0.0794100294848967
0.624746470805326,-0.334642801275913
0.488140444822843,-1.37550323128313
1.9396346290881,0.093782965067613
0.627616363299371,0.831348226383231
0.688618457012663,-0.0280314351397264
-0.182514108476113,-0.644967205857329
0.389554025722852,0.663156256962544
0.479663081725098,-1.3085553872571
0.67883159836002,0.15227961312109
2.06168521527677,-0.647751924826099
1.17472434057262,-0.371741113397799
0.450222427320392,-1.1258460620606
0.675949264282917,0.451395382433261
0.379170823277491,-0.810175073170761
1.34658769746429,-0.406939043510446
0.835017294624499,0.40970736426259
0.346192735343718,-0.553941083063054
1.95282666734948,-0.832521305110488
0.782705223544869,0.423734142454125
1.79974477121248,-0.390470736546485
1.21232294545846,-0.379590633935324
1.98787573808072,-1.00240658731429
0.673523138617346,0.37904970425549
1.92849158667667,-0.25380352241069
1.19619559826006,-0.376233191342738
0.374846485973012,-0.79260700082474
-1.06079825392224,-1.28843233983927
1.89729532235368,-0.585800782510478
0.682491310091771,0.0756719449234605
1.00443154638443,-0.334523971309922
0.413850630989054,-0.961359580856545
0.438402208006306,-1.07005180097257
0.832845200810887,0.41029273977457
1.47000073105245,-0.587593671416141
0.892567173044418,0.393936529875228
0.796280163473889,1.1434823088093
0.591503145094754,0.726787642846822
1.94933266856906,0.145450239689358
0.69305670163939,0.960208168742855
0.53791296780948,-0.397307058386494
2.40074265140753,-0.140550854128684
0.652974056778527,0.936577489258105
0.852733807535437,-0.296243722269004
0.170793138485034,-0.600664629391588
0.688778999499226,-0.288052619269238
2.008810618879,-0.629442758528368
-0.0646123063354875,-0.629315299250718
0.41147811175988,-0.950812639294681
2.22343600365326,-0.175443431044184
2.10925091442499,-0.204020944630683
1.95875624297315,-0.862163428618886
0.778950351927811,-0.278459541983014
0.0628524361717543,0.660343506754592
-0.12311735148862,0.679590810418971
1.4704241314522,-0.433465913694425
0.3834033234925,-0.827755861547865
2.00472477453982,-0.232514255895169
0.0642027041377774,-0.612534739932457
0.560773218568051,-0.380883522123717
0.563469772244952,0.671307584886124
1.93470176932283,0.0658138963573443
0.462621467050637,-1.19248357917547
1.84694541779188,-0.324949333733306
0.673642045534311,0.424621857922136
0.342161611693881,-0.557907000119021
1.13727226760605,-0.363822514439138
0.272994472949917,-0.589871920622884
0.432163020665338,-1.04204798102224
0.0793228711185801,-0.610772199730561
0.676917190737275,0.19743489964483
2.01939223443413,-0.632699184546101
2.01234762429117,-0.630512079954328
0.434522211242376,-1.05255723357689
0.67388306699771,0.301678862556954
0.843686755496893,0.407370890721236
2.03619793472455,0.491102590980858
2.21077156664461,-0.178409108417771
0.432795828752448,-0.473542079582503
1.49603472396858,-0.510515615902194
0.813269139290665,0.415565184052171
0.717465740410564,-0.241844773273923
1.91463041152518,-0.639533294252053
1.6107725010691,-0.430564717504449
1.94119000940788,-0.250251458977762
1.35197293058247,-0.408044882804967
1.03067877091038,-0.340809149777721
0.332634333324485,-0.643801753100084
0.367725810030117,-0.764541332013792
0.797502033187972,1.14698439948734
1.46154359267584,-0.613141594344415
1.4721337297515,-0.581204738382307
1.90631280494567,-0.260036082479373
-0.41360442759481,0.778156354205903
0.765720931394642,1.05595458456108
0.802591316655489,1.01785816220693
1.92339671881954,-0.684019838569624
0.0218872764017437,0.663189423922068
0.600339332236607,1.03441808250794
-0.176537641767714,0.691219389143144
0.581641357727028,1.06928657936871
0.673629734630241,0.420063710728727
1.94618285511649,-0.799136045469901
0.915651606219639,-0.311850573872835
1.44700336712168,-0.657577230754651
-0.543718506650943,-0.545949386545705
1.91287325370892,-0.603996787919489
0.673592208540963,0.333534622162283
0.789276856713983,0.421988150253213
1.9165079900604,-0.604951976554217
2.05036818423593,-0.643342545747393
0.362323543996387,-0.538068649538468
2.33149082774433,-0.152926505421459
0.814586919655402,1.1959980302002
0.67351477137698,0.356290736184404
1.90050885281075,-0.177879776165726
1.46294709926873,-0.608878522521501
0.889420994582827,0.394833902931782
0.736306928264516,0.435890745491552
-0.506852660651112,-0.838643395112334
1.5372256606775,-0.441445523243859
0.880019409820438,0.39747884076903
1.80699321402387,-0.380410221991643
1.90297014130285,-0.157310834321066
1.94746569764445,-0.612915587812068
2.06475059522696,-0.649018175976323
1.93678703867223,0.0778177966661489
0.416640566517973,0.664072904183607
0.375719098988935,-0.796120009112582
1.057142327807,-0.346754027418814
0.693362944748675,-0.28470798775712
0.707116174795664,-0.274677519082681
-0.415360012476458,-0.676321121957893
0.333722799239009,-0.6472338680073
1.84922893537053,-0.506099159074415
0.678192220150428,0.450826119362682
2.19810015769131,-0.181455918587348
1.94323661693316,-0.784294830706717
1.8919178984062,-0.252128612427345
0.696340637755148,-0.0958899449779251
1.44315858175546,-0.669308894909734
-0.22129931658448,-0.652344071652423
0.00364604306514336,0.664691208321948
1.49020264146587,-0.527681034464881
0.684560554550783,0.035147671676969
1.91535607390677,-0.643232904504445
1.10521281321755,-0.357032094344171
0.329357784323335,-0.633508604140455
1.89333474567976,-0.239747126650879
0.673946397313595,0.297131470340615
0.678438567933711,0.161296605800408
2.00105099213701,-1.05953760985108
2.0744276504116,-0.213287247251134
1.1479594539603,-0.366088766019124
0.592846931319072,1.04839324580088
1.4671703242577,-0.596105502877485
1.98312998815729,-0.980297668329801
0.258210753278436,0.659149070167785
0.473444048013981,-1.2627502535671
0.691636793046808,0.447395982024949
-0.748231096985361,-1.15729509058041
1.85933376654405,-0.522859705950838
0.373970004845907,-0.789094468507822
1.90498559180823,-0.140881088343522
0.711570104546975,0.979479700009797
1.98458550560065,0.304976567645999
1.67205200476204,-0.421832360182046
0.868484854319574,-0.300107420299483
-0.493609696384056,-0.821106095859984
0.789517933133172,-0.280986350075388
0.795813822467334,1.01871951577983
-0.0449617213091817,-0.626714641949288
1.96099074275247,-0.873268148029307
1.91502196241514,-0.0630986764209554
2.36627259147558,-0.146641606981827
0.335892444130152,-0.654097607544246
1.9584007355147,-0.615707047921863
1.91180383163077,-0.0875855990212841
2.22660180420593,-0.174716297963019
1.85680578479172,-0.518667209892796
1.93368118824432,-0.736029817878649
0.345459778922194,-0.684940792001034
1.44834714568994,-0.653472601906786
1.8140134733686,-0.447467582536708
1.97766056362013,-0.954483157992507
1.19082304141814,-0.375112275959791
0.4265901190524,-1.01750120319298
0.868924809583828,0.400538353804396
2.00189235037635,-1.06264893859855
0.702827693309264,0.44452496872405
1.98234387932471,-0.976608756376883
1.93294647698783,-0.732314823635648
-0.485620702017486,-0.810618408396825
0.328262608583976,-0.630079598114703
0.676190578184944,0.215563344889057
1.90957807405152,-0.61365246741436
1.95633481088455,0.180942049893513
0.673728166140235,0.315327654330507
1.1854534126768,-0.373990154113906
1.92354426607915,-0.00248321215581065
1.55562081843256,-0.43868687300839
1.88463691301319,-0.564824202733199
1.47284685929366,-0.579073398220268
0.348548782097697,-0.695221581501786
0.711772706201103,0.442224320466035
0.0492065448246626,0.661196629238026
0.747241202199898,-0.270903100901309
0.658028918591387,0.487796541073334
1.44256114924129,-0.671134447418976
1.47356108158295,-0.576941036121568
1.81425176271472,-0.370335128979907
1.97972392860401,0.285825497849218
1.45039412591225,-0.647212260346958
1.97921448718485,-0.961855522780461
1.16400905627279,-0.369484609363382
1.46505594832664,-0.60248972401067
0.722939684580844,0.439346546809545
0.448095898558136,-1.11537877262675
1.93130030560998,0.0457494223473568
0.673687243307564,0.319878837158337
0.700786094368943,-0.127785314971363
-0.0691300208080877,0.671867707510471
2.07126523268119,-0.21414218360839
1.9383518897058,-0.610591378082499
0.673665459486838,0.433737554472431
2.39540109190931,-0.141707094238912
1.87957451595862,-0.556429056116731
-0.0203119383588297,-0.623367945721344
0.679614244192236,-0.294738141082637
1.23917765034279,-0.385152345924231
1.88969994209187,-0.573217942371163
1.43809786897625,-0.426343803446014
1.32503968553416,-0.402539955750726
0.604281147334007,0.605240813720663
0.185434976308077,0.657535984214768
-0.162887003235887,-0.642059914676318
0.422591131975942,-0.999958946255517
0.696114357857097,0.446248507760096
1.29278157495072,-0.396010795349124
1.96548335496904,-0.895460329461938
0.358425958182705,-0.72969038982669
0.673578512679201,0.401830927888501
0.532604159658293,0.669212485215179
0.574463138516016,-0.371031678735291
0.390553282117916,-0.510354311330758
0.685798418275091,0.0125982813859515
1.82406823426695,-0.464253330883602
0.577193620611643,0.661680606767075
0.819797608169354,0.413808202352665
2.07560164643563,-0.653878607030897
1.89223163624025,-0.577413568929359
0.68226406777816,0.0801792377569207
-0.434537108194368,-0.656412675653703
0.651276050268407,0.503129255683586
0.649016298372715,0.508237346120603
2.38461494265255,-0.143606890278098
0.439169920636285,-1.07354633080921
1.78274307360276,-0.406393043609489
1.9211959904184,-0.672881699876703
-0.781280686550048,-1.20056690517307
0.682037314343008,0.0846869216427498
1.94564272078485,-0.612451027225181
0.565337543673518,-0.377600896822192
1.95475682398465,-0.61477515576443
1.45315893692364,-0.638747664424821
0.30815209600593,0.660540907676577
1.45385402462656,-0.63661942493593
1.92668178097807,0.017607202971006
2.1600311802786,-0.190927560143068
-0.418005629835497,-0.723971125363795
1.33581306642387,-0.404735021037981
1.94692010385879,-0.802846339916612
2.04702065178583,-0.642101951999822
1.47071069161511,-0.585464752628802
1.9292729032508,-0.71373867452434
0.646750494864474,0.513344572498465
0.698217365557185,-0.109545850948802
1.93735480614446,-0.754601261760781
0.2678797774704,-0.590403546293657
1.89144593144007,-0.256257451926236
-0.0736463136548345,0.672407984694702
0.715426966444012,-0.228160457655423
0.804369278050528,1.01764315478311
-0.303810945110644,-0.672667992254416
0.821973212790431,0.413222259982537
1.43948606137333,-0.680595525923655
0.718475299014993,0.440497836544153
0.396465072119888,-0.883983317718534
-0.230958762684066,-0.65456922631215
1.62914462243113,-0.427926671636823
0.29001229897383,0.660012649942701
-0.158846416577823,0.686806160394076
1.98549626401124,-0.99136006855148
0.781617556992807,1.10145720152763
0.736684125564698,-0.268399334123644
0.700590312225198,0.445099729168222
1.22844391272058,-0.382936389536004
-0.33783214032974,-0.681313920314203
1.92413087694943,-0.687733828943985
-0.396185455639662,-0.696254318804061
0.469262506593806,-0.446854318999853
1.93539253818866,0.0698183038633522
0.293472361786064,-0.58774804294712
1.98262421799031,0.297327372069726
0.957436373127367,-0.32250805786169
1.45108238019215,-0.645105702753414
0.850150700697835,0.405627997962544
-0.108781963026928,-0.634891336782283
1.96849648502375,-0.910240717425426
2.00945476604577,0.395570642014681
0.421150540845448,0.664227111215477
0.689849931417116,-0.0415615167497575
1.69661709651751,-0.418373367614836
0.399640477061281,-0.898015295125335
1.43270852397449,-0.425167519883721
0.654214456679123,0.934265074370175
0.763697103020867,1.02322935751326
1.91029725993764,-0.617350050271175
0.593424267244236,0.732289401573328
1.94554484432201,0.125617042398779
0.348897125307382,0.661813279962402
0.833235394217398,1.25185828426156
0.643028342444655,-0.321367016068898
0.673511436040124,0.36994385056692
0.437631641388824,-1.0665555992018
-1.86619061471855,0.312499261680478
-0.675566238421658,-1.06850708707878
-0.0301845814592958,-0.624711691752677
0.675034261445745,-0.298077506439231
1.91830731834088,-0.0387534538243948
-1.74500743278519,0.667377957523195
0.771840715601878,1.07344546797015
-0.908560408188534,-1.23837371757666
0.461415882138513,-1.18546689593648
-0.867777215669036,-0.143218289880241
0.402799039985017,-0.912073094091481
-0.136562418252735,0.682061889759516
0.485499497842755,-1.35438242352424
-1.52405092359664,1.20650494985001
-0.635010792033198,1.01109992365549
-1.09793788770621,-1.30042015249761
0.685040906928942,0.0261352021717259
0.299085671900136,0.660273621199608
1.86439194694487,-0.531248309852851
0.604093285622251,1.02742390614274
-0.741173979578582,-1.30411800301263
0.859279100503722,1.4049678439379
0.829926304017401,1.24137794550388
-1.90199688465996,0.266619234736598
1.51884469392332,-0.444214868627825
-0.867906937771774,-0.143036106307921
-0.689145669304219,-1.08567372647348
-0.432923407742437,1.01126206151849
-1.15263709618677,1.10059530377686
0.431371898001112,-1.0385432973098
-1.76801294935688,0.66884262782448
-0.821709643480912,-0.213334896775596
-1.19133209546688,-1.3307220582787
0.16728895482904,0.657320960926334
-1.02734231546305,-1.27749011139367
-1.85429272505426,0.327930644121873
-0.619011602967091,0.985539302428452
0.67507343294795,0.247265768993524
0.889459300172167,-0.305298430793616
-0.509203116457011,-0.580283441178044
0.171821259748032,0.657358865584317
0.863435362867273,1.49552246415909
-0.63586834888175,1.00755280855537
-0.755593702430419,-0.376780939924325
0.517709148647798,1.18364891281695
0.493778961764794,-1.42128011822371
-1.62701230004576,1.27980853317461
-1.13942353904068,0.995105422387778
-1.15032683355875,1.14163717826053
0.242327180510263,-0.593072820722828
-0.761000966291748,-0.379215992649412
-1.96074446745878,0.1983509232374
0.443640132415747,1.3129610641123
0.412608300232477,-0.484449252212539
0.861240064641301,1.43764324267432
0.449518755189158,-1.12235483874882
-1.26217763539193,-1.35312664550517
0.470380056906899,-1.24164758763244
0.855137954533986,1.35421425292096
-1.15371914438146,1.08354156265324
-0.700218726531436,-1.09928673521657
-1.16006288154434,1.00199240306196
0.863693068664265,1.51674407381618
-0.761892829326621,-0.314516984078201
0.698352532026322,0.445674256905867
0.777955331230974,1.02118259199057
-0.677252932979497,0.909049962399366
0.313967955495433,-0.585617171342054
-1.42746774845228,0.806893653001588
-1.55914887639958,1.23267654066303
-0.504211366034198,-0.835130480922636
-0.0547931323554435,-0.628027649263564
0.497228107508579,-1.44917863440425
2.04912200957917,-0.220189972292002
0.0341970175921708,-0.616186612896865
-2.11621416437104,0.0529672089020547
0.370390304603236,-0.530132883229512
-0.708619654800829,-1.10948782403731
-0.682413413849341,-0.413825652099943
-0.741957296280687,-1.30196009610797
0.62594071824648,0.559308922078031
0.708015217105342,-0.177997084078651
-0.663127294259695,-0.43241857032015
0.486805866339197,1.23820049401799
-0.365656476096425,0.757726318691958
-1.38856474751245,-1.39283653296614
-1.14533131108979,1.27879578267703
-1.14555646508031,1.32333329822155
0.355529383480041,-0.719308499280888
-0.617932043471906,-0.990721205139359
-0.80214167608336,-0.245800598599107
-0.245483660512074,-0.658057910912215
0.461528623494105,0.665685959707797
0.656691701380071,0.929643519920551
0.126539742204933,0.657645724723405
-0.313531218224561,-0.675131115674915
0.480371599383084,1.24957669827709
1.97294484568465,-0.619467638244192
-0.404710156360478,-0.687391309749022
-0.286849066823738,0.726604644215527
-0.455169402549436,1.0090571501228
-0.404897890961666,0.77434890405494
0.614129801023168,1.00875513932781
-0.597293961349178,-0.962397754189477
-0.511357389019423,-0.578128070464878
0.581891908045865,0.699317803879639
0.466074161317165,-1.21353183221023
0.476857234589324,-1.28739077054993
-0.468549170310978,-0.621328496235119
-0.62368889512939,0.984824827371346
0.662242932784527,0.928214216528616
-1.65760741531281,-1.48452818021682
-0.669569210622476,-0.426231552362851
-1.49154937269203,-1.42701121620442
0.67923202823843,0.143264904921672
-2.30609369613419,-0.0661265322997184
-0.641335796085692,0.985969414595317
-1.71015162756272,0.66524470759216
-0.700114554132064,0.951195009607077
-0.624077674556351,-0.469142417156834
-1.23293122878129,0.969115109553469
0.733119104607724,1.00199680303825
0.189978536683666,0.657611679745606
0.199072717498528,0.657780560184623
0.339123166427041,-0.664387327760062
0.36220697522521,-0.743589289336952
0.158231191896371,0.657284430498677
0.826508012975504,1.23091269528114
0.00820783393316608,0.664305104629599
-0.742755306663988,-1.29978479613938
-0.0510195691199918,0.669844040046033
-2.12668015303787,0.044348872157049
-1.72453007017842,-1.51010408190549
0.502218513173387,1.21089811725188
0.620127234221814,0.809313790782937
1.84331621999796,-0.329988600724712
0.642196308921151,0.523558278145518
0.596590564507234,1.04140842061961
0.460802495661149,-1.18195729077412
0.709348495707363,-0.187115880876254
0.610669630856079,0.78181128955112
-0.556347828570683,0.847221040026083
-0.748608026862625,-1.28425273733046
-0.79703401321095,-1.20298554327082
1.98155916267453,-0.972919786760652
-0.590878311866958,0.989704130183632
0.320570499558144,-0.606118087986985
0.701435607743189,-0.132349312961986
-0.815619072577458,-1.20884493859594
0.498497789089356,-1.45947280031273
0.440696295288895,-1.08052996197102
0.67354232167186,0.388159715185699
0.684325330766183,0.0396504628143965
0.800079159019463,-0.283516318659602
-0.247252371318509,0.712691988453937
-0.835975499064192,-0.190631952010549
0.519330799768337,0.668417619463492
-0.000526583069434487,-0.620699871754786
-1.8810814407531,0.293306205754141
0.460182258735587,-1.17844673339429
-0.778510471446613,-0.286003252614191
0.612873240880652,1.0110902597641
1.9348390026025,-0.252027190695868
-0.738247529435238,-1.31248199400329
2.03679694807813,-0.638458395684751
-0.767056446669767,-1.23672422320697
1.92486521365274,-0.691448232238504
-0.084235534381057,-0.631816992729373
-0.632804887840432,-0.461016813770813
0.0537553077421742,0.660901040643191
-0.465623691757405,0.802159603044368
-0.909634419090852,0.959898779298897
-0.401644408628502,-0.70318505162861
-0.556683878293111,-0.533189385220772
-0.986127814641474,0.970890171016614
1.43848536178015,-0.683717159337194
-1.51154527916767,1.1970979871401
-0.326314309364009,0.741710748605742
0.131071728724511,0.657545647626409
-1.34035772146529,-1.37742542984639
0.483724337730235,-1.34029697023729
0.784061343345739,1.10846131601403
-0.797969713664139,-0.252849469443909
-0.616672500566818,0.985894100387987
-1.0417236298507,0.979260518973829
0.354551515213452,-0.71585618589844
0.364065642312065,-0.750560760647957
-1.2920079096101,-1.36239924361875
-0.14549967421503,0.683860220138039
0.560362300578486,1.10836557600552
0.673653976475993,0.429179830114265
-0.763268244484743,-0.380247923955796
-0.560666235199216,0.8494018509296
-0.638991597197824,0.995016776678827
-0.250334837511808,-0.659248860717802
0.0856117939117866,0.659139273234936
1.50481342470726,-0.484741512762658
-0.775050942670793,-1.21636748724446
1.51809831472947,-0.446334094100716
-1.29946028142709,-1.36469352110784
0.680058153504538,0.125241032017447
0.473929882657455,1.26090482150725
0.450920967480951,-1.12933966879698
-0.383103312669875,0.765026884911826
-1.02362162521131,-1.27625751823217
0.884661083223171,0.396179727292097
-1.28508997463284,0.925173825869498
-0.34818664714223,0.750532525624674
0.677669581875525,0.179345644780263
-0.194187778569245,0.696131673409285
1.51735308936917,-0.448454294867716
-0.739728079628343,-1.14703722635284
1.9696500674554,0.243443275897729
-1.84834606838862,0.335669250225084
1.89953800670821,-0.18611976282965
0.457063199186066,0.66551303555777
0.411047930045534,-0.482643762231862
0.640510853219338,0.95976705894247
0.820619811917216,1.21346982761911
0.86363670257549,1.50620838146764
1.94436655977461,-0.24936369935095
-1.04594106736651,-1.28360447097838
0.8036110019788,1.16449446678781
0.738530417084249,0.435314335589155
-0.637726639330618,0.982642596654217
-0.010041673944698,0.665886939177467
-0.735040285460067,-1.32284888668215
0.407529839495512,-0.933206267148912
-0.211869464585024,0.701404833695376
-0.608159493115878,0.873518854463932
-0.451567475917444,-0.638781980933212
-1.82753088259092,0.362871382940212
-0.723748363553767,0.938733079431387
-0.641275899717273,-1.02274155662226
-1.60457478305645,1.26504064839563
-1.88406388774603,0.289481217140351
-0.105157960969503,0.676673601540442
0.428986880694414,-1.02802486411711
-1.88120362786864,-1.57102373947882
-0.786848193854382,-0.271759836182064
-0.819335949572008,-1.210018572744
-0.592155148556918,-0.955331417283822
0.48148454101979,-1.32267042700333
-0.172122748595586,0.690065060286122
0.38652073606972,-0.514296161027121
-0.546012503999364,-0.891568654636898
-0.520111416555949,0.999795536077544
-0.721119832743935,0.940110925315235
-2.33293889817112,-0.0787921305666504
-1.61148055049189,0.659603868340746
0.175897370494149,-0.600117282964542
-1.24671703559344,1.00135392188611
-2.48985865669328,-0.14531501740371
-0.118608892398629,-0.636138720727084
0.791344890837867,1.01931596114682
-0.759238724515972,-0.378418152785261
-0.415280357291515,-0.720508423423229
-1.47151667302007,1.16702895535711
0.458922313843434,-1.17142307785208
0.620418569737974,0.997074792685305
-0.658121645685525,0.97354275276611
-0.527843523920134,-0.866822745813526
-1.43289261253293,-1.40727166066654
0.826323527171377,0.41205022827154
-0.51351226751581,-0.575973541182625
0.525512346906118,1.16999619777156
0.847545312316532,1.30448011309642
-1.15182473999831,1.11424960066479
-0.76086105744974,-1.25258440093812
0.495797343768343,1.2222640151016
-1.79095228946924,-1.53627909935715
0.548871827775246,1.12892778524097
-1.69812359600759,0.664528562515393
0.501353248488513,-1.48133603536356
-1.74810223662442,0.667570458983884
-2.04497416309473,0.117386629108659
1.51290385205131,-0.461206054703036
0.165689867326021,-0.601212659062536
0.850343157643031,1.31855129077775
0.46321358587431,-1.19599105593564
-0.735421519201678,-1.3214900215586
-0.867138396190837,-0.144117610583822
-1.63756937884366,0.661014455799036
-0.381597515862446,-0.692509892723168
-0.878799799791481,-1.22885762959639
1.5158659844065,-0.452698453974882
-0.621350338997977,0.985182884218418
-1.31250406365344,1.04970618948527
-1.83942556260048,0.347306316470315
0.498076623843724,-1.45605940952177
0.437326268702828,-0.47019487958445
1.99027329006429,-1.01342323000882
1.97296635081617,-0.241375772806415
-0.4643043491462,-0.625673417568508
0.648000810790893,0.945839407140308
-0.720375700504072,0.931474283834668
-1.40379407673371,0.826360555185823
-0.586997552370135,-0.50387905679511
-1.14549716793482,1.31991197335928
-0.630880098731073,-1.00850580931974
-1.32922405828265,-1.37391775006788
-0.503620845819156,1.00217650289687
0.673568964985025,0.338086551722041
0.495941345806049,-1.43876941341039
-0.459538436393603,1.0084863531487
1.4982258844757,-0.504073082586107
-0.43965628840789,0.789914773764698
-1.01390304034674,0.975021812373856
-0.535081158961895,-0.554496663010934
0.596919537922154,0.620613014549152
0.416226524612055,-0.971894025162547
-1.40090910770746,1.11472348477122
-1.65836577556352,0.662199832502323
-0.849063587220342,-1.21941977174279
1.81788431376984,-0.365293035208999
0.0944951786048385,-0.609037525656568
0.371493275279811,0.662553324899459
0.799674022034623,1.01822145912705
0.537231272103678,1.14947245104947
-0.461301333591878,0.800090289970112
0.4793566399384,0.666421543599935
-2.09216850392948,0.0737960469385342
0.862385582449762,1.4630411994027
-1.14677895840908,1.21710566107849
0.629224452018091,0.980727439817009
-1.42273256461052,0.810785022420308
0.221826813625659,0.658265371584056
-1.20992840006293,-1.3366628326729
-0.386460583121106,-0.693757529604449
0.860649418534849,1.42675551495781
0.589526893604396,0.636010421064388
2.03750840142747,0.497049633464278
-1.15664671975587,1.04268728883954
-0.806316706727158,-0.238781630272798
0.414845327241025,-0.487030543977903
0.26730166994599,0.65938775227671
0.791392646595928,1.12947390335165
0.809716120657997,1.18200129070551
-1.31754083658449,1.05342059321577
0.858241178237123,1.39043465667638
1.2659726185521,-0.390612712239744
-0.731549970356374,-0.366509969869071
0.623878270257076,0.820326707321147
1.92214858681138,-0.255581057805672
-1.14876561336158,1.17257053824123
0.428188859866109,-1.02451742969582
0.803287280448644,1.01777338820613
-0.616796409320591,0.877930076096638
0.216770401490837,-0.595764994535347
-0.820300454147613,-0.215628745620112
-0.238421118331367,0.709781082441609
2.2646699766259,-0.166399371141327
0.819421441100164,1.20997812695738
-0.308671326634153,-0.673898865328419
0.806053974066607,1.17149792933092
-1.63277739962713,0.6236066124557
0.769394640493163,1.06644640672146
-0.606607718987325,-0.485415978672175
-0.448914525537399,1.00981771351796
0.491945595452364,1.22909166896429
-0.703124732184467,0.922481592384382
-1.41813577557467,-1.40242491941195
0.564151511709071,1.10150210242303
0.421792766014219,-0.996450995797491
-1.58938643238829,1.25447312862208
-0.85688343597053,-0.158944300757821
-1.26135386279513,0.94514481766534
-0.0989594829928979,-0.633658914720072
0.412135202884534,-0.483902327034165
-0.37874259734993,0.76319045430739
-0.352557034610835,0.752321445665106
-1.14910472475157,1.16569571625249
-0.68640563565063,-1.08225878470296
-0.524825022796806,0.999118507171639
1.99277877268015,-0.624812396913834
-0.665276442801077,-0.430358339081092
-0.0826662881869847,0.673535213993304
-1.5713974217527,-1.45449817928227
2.06323008396935,-0.648385451497864
-1.45131460704116,-1.41339706458296
0.856803545685628,1.37228816337613
-0.466281736627338,1.00756307050233
-2.5086238234994,-0.152874831174243
-0.759625989204025,-0.378593148987457
0.473832264054754,-0.443531287810467
0.492703656013863,0.667028261774281
-0.628442943520474,-0.465079938255592
1.95801297275719,-0.85846045898621
0.488091407878066,1.23592319378117
0.411928021620933,-0.48366268559628
-0.800750787849921,-0.248147066334212
-0.600061396382586,-0.491544371103235
1.49530485621538,-0.51266244013184
-1.71527628873341,0.665552743805324
-0.70536399270402,0.948414194916042
-0.434828729840037,1.01113960596888
-0.761744750763028,-1.25031717553081
0.33532335892681,0.66137847560018
-1.89003457163021,0.281843668930934
-0.633722123668045,1.01651567890041
-0.332971119323731,-0.680074624189811
-1.43220312582977,0.803002868703101
1.44198202430491,-0.672906489574918
1.43876382272551,-0.682845496832867
0.899939219145033,-0.307910745002134
0.489013754547733,-1.38254728924243
-1.15050663713474,1.13820590495984
-0.768803228482463,-0.302636465093082
-2.07525454703004,0.089111317829726
-0.956831466244276,-1.25404884684626
0.346495800153379,-0.688366245990393
0.562890695817371,1.10379086496795
2.04363905234812,-0.640873533454568
0.498917097615128,-1.46286042533437
-1.77721496371638,0.429452120876946
0.844214822285564,1.29044250359064
-1.09049664378654,-1.29801559026019
-0.584462550495933,-0.944723385860709
-0.949414504495808,-1.25161533185131
0.788948881700552,1.12246969569226
0.144653988706994,0.657342001549297
2.27740217566613,-0.163741254272671
-0.46856512790542,1.00724240779181
0.845846455371892,0.406788719212739
-1.86024057981488,0.320207191201636
1.56788639577859,-0.436857118851493
-0.834536182672189,-0.192878815146544
-0.6491078649656,-1.03339788092204
-0.763273133073143,-0.312141161983689
2.0662439602408,-0.649649216339092
0.381720452761265,-0.820721189167826
-2.43292797774684,-0.122011311138451
0.385073976162413,-0.834793562640287
0.496684128751303,-0.426969672815713
-0.640068799333138,0.982273591491273
0.861598772159242,1.44490130664929
-0.0104246609016992,-0.622028397673912
-1.14854963588529,1.41257151116428
-0.636784793391839,1.00381283699808
0.069235246522757,-0.611943611814751
-0.0555541188002081,0.670330784177766
-0.637260100356417,1.00189361848875
-0.607598567328721,-0.976539626731374
0.533329005210601,1.15631729474835
-1.55461442656974,0.70200537548982
0.42418982416823,-1.0069755285529
0.326068771958462,-0.623225840767633
0.591600171976635,1.05071984873349
0.487263468855183,-1.36846192298646
-1.24417644181601,0.999503324679123
0.557824601834907,1.11293748639921
-0.202013350462336,-0.648136577882547
0.538530136012448,1.14719040022649
0.720869862256328,-0.264668657130706
0.45555290188986,-0.456842349846016
0.620171352961329,-0.337963394012069
-1.15306097715445,1.09377231576139
-2.16983397847954,0.0120918468112076
0.794378183212482,1.0189090521804
-1.80380481782556,0.394113282542326
-1.14600333809155,1.2410573729195
-0.755077510359099,-0.376550604691997
0.862239839708701,1.45941480177727
-0.352418241903164,-0.685038372625906
-1.14583025215416,1.24791247262504
-0.691897586957698,-1.08908235369901
-1.2659094688503,-1.35429594781797
-0.0600840189980581,0.67082982943884
0.855840163009129,1.36143095527233
-0.777667596983205,0.942174697120487
1.91832605846575,-0.60542757130575
1.47142168105329,-0.583335151747351
0.494644775385338,-1.42829195081038
-0.743530022307479,-0.371508461760933
-0.0891422267722964,-0.632431988597804
-0.750332752113166,-1.27975517544596
1.97381206758618,-0.936060719644674
0.334808948232794,-0.650665937832012
0.477331901773252,-1.29091568008084
-1.78397906310058,-1.53353059056955
-1.32179351388106,-1.37159563772114
1.93000761450902,-0.717453969557391
0.398623629024654,-0.502508815631391
-2.09557532854659,0.070772352754134
-0.717074025245102,-1.11970679220387
-1.91999097968018,0.244062784361383
-0.656978622329355,-1.04401711500624
0.572924056090211,1.08544048068001
-0.180950054344257,0.692405420593535
-0.758213351347279,-1.25938762772979
-1.34684029527141,0.87348123273819
-0.63976002758094,0.992019728014434
-0.793317692747353,-1.20181600876239
0.757099686206969,1.03151643994419
-0.707435970389733,0.924726604876881
0.710017803216278,-0.191674424984181
1.4851111220875,-0.542692947165436
-1.96403257500627,0.195009380177403
-1.11659358483033,-1.30646530115169
-1.29485583657279,1.03669044391967
-1.49655277437906,1.18581267244502
-0.149957068257447,0.684808081920344
0.859762408896925,1.41223289030804
1.48148294070043,-0.553413949999609
0.673619536997045,0.328982540674808
0.0310000041303081,0.662486269224878
-0.729008841313848,0.935982156619922
0.430159948702893,0.664537923104746
0.798723892592864,1.15048647886831
-1.49405361027508,1.18393278490215
-0.0146038691286995,0.666297462577309
-0.565331129243366,-0.524738887179819
-1.23976805144401,-1.34607972090483
0.153704803549466,0.657287886563425
-1.47697987509114,-1.42205307764183
0.374423399369451,-0.526167359718286
-0.595205058980078,0.866918160786244
1.01490862955421,-0.3370837735977
-1.27336980764497,-1.35662630274716
-0.413230153264991,-0.678534467643401
-2.00097032530753,0.159069235291725
-0.457938439907711,-0.632213086417981
0.863143740724588,1.48474384510269
0.411005618340147,-0.482594735473067
-0.84029683706037,-0.183941192346965
-1.90551827353139,-1.58003529499891
-0.863606170603001,-0.149149120770596
0.408318912892203,-0.936729600652254
0.863248794770888,1.48834453036266
-0.768830457763237,-1.23219733112554
0.757807835834934,-0.273416472493356
0.12493285137451,-0.605637032456576
1.93749136620472,0.0818130505950186
-1.63236059595885,0.660725297906281
0.800770134616747,1.01808351515152
-1.10539098039369,-1.30283258353644
-0.461765115429659,1.00818620829946
-0.746900949472102,-1.28873007836407
-0.546053280039156,0.99608932173455
-1.66518818023891,0.579909928761452
-0.697434883052284,-1.09588728793124
1.91753936069338,-0.654340145658168
-1.14691045540815,1.21368691498977
-0.47781052915119,1.00592062717561
-0.732942563621725,-0.364161031942079
-0.202026419012492,-0.648074112736109
0.411740783993076,-0.483446042001903
-1.75951095029239,0.453095067039144
-0.793798987365177,-0.259924370983799
-1.14729668711029,1.38170306666199
-0.76282211512926,-0.380044415414575
-0.75645188174818,-1.26392269905649
-0.664304391311013,0.902353342499678
-0.442503446397506,-0.755102727598044
0.409897929181705,-0.94377369208458
-1.14843189886313,1.17944029494527
-0.574225633662514,-0.930552511280705
-1.94779177309265,0.21192498899374
-2.17720377459017,0.00703476647328737
-1.35031132479427,1.07755380013958
1.98559471962081,-0.622836432926719
-1.14755725704324,1.38857609699263
0.380874097659344,-0.817205112171903
0.478272496080992,-1.29796914874407
-0.865312466643872,-0.146706787690755
0.834312112417926,1.25535686912493
-1.60799368718469,0.659421852103086
-0.780390512336216,-1.20282173363481
0.378456139255287,-0.522204917677957
0.662516146348046,0.477566322924315
-0.621894249531835,-0.471173850051062
-0.636092642344566,1.00663263903534
0.303619698944169,0.660406475198723
0.768379146670756,-0.275935993206299
-0.642411993080765,0.981903240130875
-0.734058747113887,-1.14019885514376
0.492913549323471,-1.41425236812121
-1.67108154308619,0.571963298148515
-0.745397178931539,-1.15387597875212
-0.513122032014638,0.8255113772073
0.482946551734675,1.24502947414861
-0.342693705660936,-0.682554384551118
0.445189383100121,-1.101443032122
-1.1506881905516,1.13477689894625
-0.398915235398253,-0.699719591936877
0.484169179474081,-1.3438194403149
0.476506960203105,1.25638237549393
0.39406908843949,0.663308167460141
-1.14591408224421,1.24448424758341
-0.75469464571776,-1.26845511350612
0.702531821396826,-0.278019526624444
-0.728391281183035,-1.13336269727375
0.477795383032401,1.2541163472933
-0.759558629159392,-1.17096808496079
-1.3143552073366,-1.36928633198745
0.484233432433854,1.24275391415889
1.40038199507853,-0.418190722327
-0.830484949988503,-1.21354163526619
-1.14527790732932,1.28908766049575
-0.264870434361326,0.718712490357631
-1.14577252066454,1.33360135618777
-0.684364669592256,0.959564759522281
0.473941943434629,-1.26626768902472
-0.589589042491527,-0.951797067835693
-1.57423671072602,1.24366884481354
0.52811814439559,1.16543883013076
0.456988548935283,-1.16088495310702
-0.492006825137257,-0.597544431340263
1.47427639818995,-0.574807578786623
-1.63622396747594,-1.47700472489007
-1.37305864087852,1.09425764473711
-0.792408819492011,-0.262287620330406
0.565410177303695,1.09921219335837
-1.26448584011701,1.01434829120914
1.37349090575255,-0.412504568916351
0.485056719749542,-1.35086203908642
0.652165193423401,-0.314726500902506
0.931342910481461,-0.315818146114338
-0.1632786407356,0.687857598547957
-1.52905826859042,1.21026562886039
-0.683677762274996,-1.07883593522037
-1.42182619156286,-1.40363241321626
0.423784468792962,-0.480260437343122
0.0742756498512456,-0.611356233008659
-0.753896758266589,-1.16413231487057
0.240023622453149,0.658692530263554
0.442960611872285,-1.09099206689775
-0.47086169699633,1.00691703195005
1.45594491856262,-0.630220567274149
-0.993901764642934,-1.26634852694163
1.86145752807665,-0.304798881331995
0.545005308508801,1.13577757318573
-1.50404851878065,1.19145420719908
0.546295869542869,1.13349449189452
-1.53586157549791,0.717507663986007
0.798016770053023,0.419656450543197
-1.15404365375409,-1.318636071931
-1.47002690912369,0.771901721056418
0.014335880474116,-0.618736264657272
0.452302932257136,-1.13633437929844
-1.18952347788221,0.989848309394753
0.584592538861961,0.646279143128672
0.353419194730946,0.661959909256573
0.429783584412696,-1.03153169939922
0.541124325041031,1.14262577395797
-1.11285642904485,-1.3052526871832
-2.162508160861,0.0172385556624039
-0.626027460438801,0.984465125446129
-1.18389364974088,-1.3283241230931
-0.539399042171412,-0.550219553658595
0.230926747138195,0.658475190155322
0.674358810681751,0.27442602355754
0.467721963960055,-1.22406784434214
0.686339660478582,0.00356629590042461
0.67353199971978,0.38360420104781
-1.14613765133865,1.34731572491764
-1.23909330878541,0.995808075938988
-0.975366237608259,-1.26017337711675
1.89617935586722,-0.21499279501182
-0.581460551514383,0.991058654088144
-0.637021186699926,1.00285658040577
-0.607309027335187,0.987297825948197
-0.409252431523594,0.776246245181579
-1.70156772819517,0.664732774585891
-1.8751215328223,0.300969626269874
-1.82455887507415,0.366769200617304
0.382563479294919,-0.824238100239489
-0.638672573648748,-1.01918439423764
0.784234773405588,-0.279722552634167
-0.535652582399288,-0.877419237563842
-1.68431286383401,0.663714520546336
-0.650186558196885,-0.444725592849311
0.858771708869921,1.39770112789808
-0.678258389661807,-1.07196108432904
0.526815130850073,1.16771786225422
-0.655667823310732,0.897895564042988
-2.02469561484425,0.136535168608945
-0.613158515175541,-0.479305278856045
-0.642710214408533,0.89122101923216
0.176356280502885,0.657408232630019
-0.402579604159823,-0.689606487186246
0.501590649253917,0.667463426633045
0.501664682688601,-1.48336771061148
1.47714826548787,-0.566262190919689
-0.659986414305234,0.900123738485562
0.312683061178083,0.660676904056366
-1.62688486450822,0.631546407681824
0.398055662526016,-0.890997235368842
0.874706909025172,0.39895104090753
0.180894180073295,0.657467725899546
-0.597928065514043,0.988679536253702
0.46363699670015,1.27880232627843
-0.562582547891924,0.993744909123324
-1.62185698056875,-1.47207439920414
-0.979072600351144,-1.26140490692978
-1.27559162732027,0.933161118092928
-0.625696285515343,-1.00138694741345
0.617902144708337,1.00174758552765
-0.930859279324681,-1.24556986209714
-0.874857523832564,0.955037549387872
0.377452672679005,-0.803146956743021
0.466204987747321,1.27436438735521
0.636929172250106,0.858928319330769
-0.643882698871802,-1.02629658414218
-1.63572352174206,0.61963599427081
0.405952469550163,-0.926158882557064
0.410772775437349,-0.490870716670422
1.87198228367528,-0.54383699039432
-1.14619812818032,1.234207974558
0.411301029196166,-0.482936949516408
0.636754894849523,0.966744854204247
0.482832021201791,-1.33324925508719
-0.739662291318913,-1.30836565249107
-1.53513221906059,-1.44194719300792
0.80455835074246,0.417904707608573
0.594457575640201,0.62574379008913
-0.759977884800434,-1.25485197314709
-2.54225567536667,-0.166159000398192
-0.469943893229562,0.804239153762346
0.392454129207851,-0.866444033209703
1.95134857617196,-0.825104837319584
-0.759996339451718,-0.378760680684207
-1.83955158470347,-1.55527492903777
0.632972658763294,0.543990150216696
-1.39431943441798,0.83416261311268
0.825347228185709,1.22742533499362
-0.76804353093919,-1.18122022938056
0.344417597957864,-0.681516079448874
-1.90204926416071,-1.57874758485512
-0.737587957540689,-1.31446769304313
1.99470982177092,0.342936460646605
-0.42617808322613,-0.734353902555953
0.464692316024748,-0.450180741036446
2.07670734425361,-0.654417138343287
0.621197806617923,0.569511523107814
-0.833098775752822,-0.19513225366771
0.574190206239017,0.677416463334381
-0.51475370397496,-0.849196297555999
-0.694865021221124,0.953981097592913
0.838478048786873,1.26937759219357
1.43909949134126,-0.681797952235579
0.464377019548995,-1.20300574421884
0.863609064360251,1.52362261383613
1.49195568288156,-0.438243808545679
0.0719523877532408,0.659830294192757
-0.496297529586117,-0.593227297275639
-0.133358168652627,-0.638049960934969
0.575417888028743,1.08083505349334
-0.774161453707982,-1.21862745159448
0.597839581301021,1.03907881191231
-0.734454750097281,-0.367701327845104
-0.264908662910001,-0.66287072285658
-0.609651260510263,0.986949117774154
1.21769858837945,-0.380707787127264
1.91897892425222,-0.256470533801042
0.863514578828269,1.49909693004821
0.682676052079614,0.449685267399388
-0.979183650682478,0.969871247341048
-1.24713709335613,0.957126749705613
-1.69639985886591,0.664426571628637
1.47642876895701,-0.568400268528581
0.626709815829996,0.985395492893515
0.691764704572737,-0.0596178378780842
-0.529539761421418,0.998443009092325
0.832145292396675,1.24836244108643
0.65792861284213,0.927334098635033
-0.560220939119974,0.994079734551112
-1.15858766975452,1.01891790827856
-1.68875979668952,0.54812747040673
0.682946633403821,0.0666601624478601
-0.734433285178518,-1.32513613317693
-1.48427227590529,-1.42453116107223
-0.80492454210874,-0.241117773366479
0.0810575011248353,0.659359468533577
0.555277583399753,1.11750751962354
-0.646493264652621,-1.02984890087132
-0.735876277584071,-1.31992981980438
-1.7321008210036,0.666578601188959
-0.788238325596251,-0.269389330028217
-1.14562229817512,1.32675500116423
0.676016213307472,0.220096954864356
1.49676485072048,-0.508368431335302
-0.698813907804172,0.920238646414897
-0.736394789936128,-1.3182160387599
-1.65929481651719,0.587856546675152
-1.29990269164469,1.04041200502071
0.387558628147027,-0.845351976248341
-0.852779505162377,-1.2205966722674
1.12124835627045,-0.3604262036826
-0.846022550339247,-0.175193913250678
1.97304830525817,-0.932375590292512
0.67521595157189,0.242741849143038
0.706027191497231,-0.164310184935566
0.353567292558834,-0.712407959876265
-0.412554480498532,-0.717044885797764
-0.648021447675517,-0.446767833641006
0.588154801966601,-0.361155122626561
-1.70054057450875,0.532250901395354
1.93197437205208,0.0497671027950895
-1.57675718732958,1.24548295292158
0.4026649576288,-0.49861030464985
0.765501889237317,1.02296881863147
0.455008811475374,-1.15035252577135
1.58627463384432,-0.434135496952432
-1.1512353337508,1.46356813978148
0.46877772014866,1.26989942243864
-0.634610696773021,1.01277048396763
-0.960539144679727,-1.25526911719029
1.95060992809831,-0.821395867097335
0.49075080233577,-1.39664301790125
-0.62836622192371,0.984103784507221
0.827658618435864,1.23440024719099
0.00937961410821555,-0.619386459959416
-0.0400402620647872,-0.626050353295276
-0.639337864087733,-0.454917671000325
-1.35283659521833,1.07940980162617
-0.91227939344158,-1.23956942754143
-0.473169290896305,1.00658780102054
-0.605019266055963,-0.973001411987814
-1.58944023837329,-1.46084620830174
0.31946970207215,-0.602700445520836
0.673696548925906,0.447408207933565
1.92046327785895,-0.669170785719453
-1.79197865902121,0.409797851871114
0.484613287115972,-1.34734109166141
0.420995185521984,-0.992943245510553
-0.938283948365839,-1.24798189941404
-0.772383175734998,-1.22314892830687
-0.694503076253363,0.917997644187566
0.812154164262274,1.18900119949573
0.603023164392348,0.759807537558388
-0.488287254028403,-0.814111269760133
-1.36109265904459,0.861630041904611
0.450986273836309,-0.460176795537165
0.619160258219747,0.999411234650185
0.679435298081013,0.138758254004687
-0.84534782290101,-1.21824338273661
-0.0153698983828051,-0.622697150302263
0.108376611378371,0.658190823445234
-0.558872416499505,-0.909277439601303
0.012768783268698,0.663925792285382
0.341256394283085,-0.671241347356959
-1.247239903574,-1.34843173798125
-0.474919928282743,-0.796678851921397
-0.576745122533354,0.991732283102004
-0.530416483817509,0.834171565317031
-1.08306541611114,-1.29561779289988
0.324970393866557,-0.619801277260078
0.44665252543638,-1.1084092324744
-0.769718079838295,-1.22993457359103
-1.53876560708652,-1.44319302788624
0.756269503903767,0.43069513483268
-0.632850005650847,1.02023712418948
-0.864502449170113,-0.147863631366667
-1.25844464148267,-1.35195511049625
-1.51240432217114,0.736903434497161
-0.656667321127967,-0.438584054508364
0.580397316835349,1.07160014840626
0.432951865192141,-1.04555188820257
-0.774346381434515,-0.293131234885368
-0.513042656597399,1.00081392961386
2.11876370056872,-0.201532203099699
1.83968585867515,-0.335029158972725
1.95475136425422,0.173079721021882
-1.61825783822425,-1.47084159459019
-1.17272179537209,-1.3247058769479
-2.18090504672556,0.00453991871156506
-0.639246176953886,0.994020276992032
-1.15586710189862,1.05288907085778
1.48293298071743,-0.549126222061034
-1.9446114724536,0.215377679424368
-0.941994917381178,-1.24919089489392
-1.61465728814513,-1.46960648307978
0.651779460659005,0.903028733099378
-1.62888561669515,0.660534491504751
-1.00874905087589,-1.27130756572063
-0.498445348840254,-0.591069058323444
0.633890625389008,-0.328003990042691
-0.805446874561665,0.945746424346746
-0.127602662776144,0.680385800238168
-1.15536558845622,1.05969458419885
0.497148394555255,0.667242577751424
0.322019389534657,-0.577709897283254
-0.534740509527313,0.836342348139639
-0.756728215473369,-1.16755036797722
-0.580485163128067,-0.510094909552525
0.235475546613367,0.658582932139364
-1.75405533587112,0.667941738671219
-2.151608586772,0.0251248368701393
0.554666826700501,0.670680064986934
0.631345435267437,0.842376903781608
-0.578317234031835,-0.512174812789256
-1.95422475893447,0.205093630685688
-0.652880371463945,0.976333821904711
0.477803622396149,-1.2944418574144
-1.1580168361808,1.02570295464072
-0.581901695094,-0.941183493940261
-1.22819413187322,0.973114877804277
-1.62192961911759,0.66015770505265
-0.702739251619637,0.949803880478615
-0.634419251611859,1.0135733358735
0.625451924289244,0.987730540630452
0.818218216806172,1.20648506188325
-0.538973604520428,0.997096277196499
0.481659260613216,1.2473038497353
-0.477600231812526,-0.800158879234275
-0.972236794272144,0.968856976189288
-0.826264112047881,0.948464517229021
-0.608790998771332,-0.483377445468649
0.455673516314214,-1.15386204741388
0.807275113731622,1.174999371889
-0.777720337765878,-1.20959127882998
0.673534276390909,0.347189339614058
-0.757066700411237,-0.377440340582048
1.95793648185652,0.188793594870284
0.515116027869499,1.18819327756422
-0.21629558152117,0.702764975101647
-1.68258423535574,0.663613039008223
1.48801927170684,-0.534114752978872
-0.778610335885317,-1.20733395574716
-0.667423704786001,-0.428295902221617
-0.75294333992253,-1.27298215823272
0.646219994134163,0.886507019367161
1.79390662431743,-0.413905447027358
-1.22381835986451,0.984778391817505
-0.841632151922421,-1.21706742898364
-1.66468528638018,-1.48710232689972
-1.04222318632599,-1.28238883363726
0.681811282327248,0.089194605656978
1.47571026703238,-0.570537206188263
0.117465541821258,0.657890938754877
2.04278917414143,-0.221936563475394
-0.867645757888364,-1.22531129019194
0.659164469268207,0.925025314000983
-2.06852740697097,0.0953256047725564
-0.541558583421688,-0.54808356720222
0.0765042771690448,0.659589728767165
0.639259610188447,0.962091983177399
0.532026813778842,1.15859833384314
-0.304410113540793,0.733180514246092
-0.422299698857979,0.782017651559884
-0.464164797856304,-0.782789137868924
-1.56778172067444,-1.45323063183163
-0.637744863770863,0.999950416817598
-0.550200209518113,-0.539558784686477
0.679030826047709,0.147772020149023
-0.0940501719664433,-0.633045465616423
0.389201274107418,-0.852388228990874
0.490317506237814,-1.39311856938037
1.90601047253039,-0.132671844331908
-0.637161823982507,-0.456951584713379
-0.636551100434044,1.00476156541189
-2.46343146302874,-0.134530280748953
1.48583779756072,-0.540548380929929
1.48119301617941,-0.435854390867371
-0.612477898612372,0.875723318776358
-0.73453777497351,-1.32472965470349
0.842385076853221,1.28342165358832
0.543713140311659,1.13806047781379
-1.66528813299495,0.662601720976554
-0.443058785082785,-0.647581514454422
0.68071779551652,0.947384473551052
0.398584294158522,0.663460443955783
0.786500241192165,1.0199805980341
-2.14440991852751,0.0304949988885267
-0.528607184963733,-0.560924513749718
0.445923354779134,-1.10492593970037
0.595342119233898,1.04373742557157
0.673604296606705,0.410947170298718
0.318368886928865,-0.599283621396792
-1.61214765275806,0.651392226124226
1.31965589249808,-0.401445763525752
1.89097412545951,-0.260387381184403
-0.744387084116687,-1.29539296477129
-1.86321528009404,0.316351213266602
-0.748129263887739,-0.338238916932256
-1.95099662041399,0.20849750787002
1.48003511046396,-0.557699804444025
0.342315626357238,-0.674666799689677
0.860853481017996,1.43038495490103
1.99059584567569,0.327804114344303
1.50701441190672,-0.478306145104172
0.858509335525967,1.39406770836172
0.521607019648051,1.17682641547801
-0.240637002515506,-0.656879045929476
-0.82737760087612,-0.204198999780042
-0.460060648307228,-0.630030000048576
-0.930508467496016,0.96285372549137
-0.937466313296632,0.963845245936815
0.678244451253973,0.165806427989355
0.478401617164647,-0.440211861307305
0.831042133975507,1.24486911296914
2.04533369185704,-0.641486129358243
-2.16616547569492,0.01465406573215
-0.400448679045774,-0.691822056957556
0.386733186482289,-0.841832683713082
2.03263661453928,0.477254337643391
0.512527715974813,1.19273520392177
-2.34829298363758,-0.0858338761293858
-0.576783500534801,-0.934097744744579
-0.838856794306572,-0.186161895849633
-0.522619249080129,-0.859766967707357
-0.663366617253724,0.970748853422949
0.862790097829049,1.47390847836974
-0.500594614140159,-0.588911091237891
0.644259818608715,0.952798393337031
1.29815043579653,-0.397093069956168
-2.45963661456853,-0.132974490968608
-0.0351145868739348,-0.625382290758856
0.64176132302348,0.957443143853602
-0.0328374105473773,0.668004221050478
0.378313653536894,-0.806660838825397
-1.1454446111118,1.31649058714094
-0.945705076901308,-1.25040201052677
1.49895679065757,-0.501925004260234
0.316167748665826,-0.592451060541609
-1.70642981004499,0.524320246256713
-0.328110638604149,-0.678836612637224
-0.72469160582413,0.933727409311227
-1.71821226423017,0.508471142908123
0.28093202351139,0.65975796042245
-0.686687797178398,-0.409691303253327
0.4997512615423,-1.46951369952745
0.395667147657788,-0.88047682832606
-0.628287286732909,-1.00494593448355
-0.551167999658761,-0.898649627983776
-1.93214003784285,0.229473770633002
0.522908136959446,1.17455052030507
-1.86382444503374,-1.56453267218671
-1.76836302588618,0.441264706622635
-0.66489826177213,-1.05457421357602
0.510466776275597,0.667925869680644
-0.690961180271705,-0.405560815904394
-0.31755812037098,0.738258323730774
0.817010925856676,1.20299064177727
-1.30691008809221,-1.36698720771331
0.849015178378006,1.31150728279316
-0.82305256240129,-1.21119260080583
-0.612762392283693,-0.983624313403642
0.0446569725106209,0.66150327664398
1.98739399082308,-0.623326416514048
-0.371870794807659,-0.690016484884445
0.962652138891794,-0.323856634122801
-1.60963127808943,1.26848084742859
0.0355539134001101,0.66214852377647
-1.57501036690302,-1.45576769695564
0.42579002517735,-1.01399268193866
-0.079329782119137,-0.631199026056864
-0.600275254787693,0.988335932580214
-0.558845397046367,-0.531071854560247
0.523758216881936,0.668674911688206
-0.824537035517671,-0.208758963946697
-0.491856768317712,1.00388380651647
0.029224406862694,-0.616815669336429
-1.14810505694744,1.1863031593439
-0.760684309216549,-0.379072345506458
0.853071336727356,1.33628379380887
-0.508331179485287,1.001494622912
0.611617208278332,1.01342494557839
-1.89601278412117,0.274222089980188
0.468797373182706,-1.23109761596544
0.683631768796596,0.0531526442278321
0.373089673243399,-0.785582621270164
-0.453037798419202,1.00932490444144
-0.671238850053376,0.966554921787298
1.44887530854488,-0.428706812173547
-0.75175019636199,-0.375075573946691
-0.826768889395597,-1.21236696677165
-1.73374979254704,0.666680280025915
-0.659612365056342,-1.04754449354768
-0.875081251214033,-1.22767431608653
1.85057375252256,-0.319911060367849
-0.748725073899188,-0.373749747818686
0.467177603172564,-1.22055460335528
0.604939378751054,0.765310030866593
-1.8990042300725,0.270417913191158
-1.84994426540604,-1.55926780489458
-0.428901105191789,-0.737813183383323
0.385039103585365,0.663004764071328
0.415434099215013,-0.968383710965515
0.677479983920041,0.183863429813645
-0.83791650321001,-1.21589184793556
0.673591378303223,0.4063889516013
-0.519979605974895,-0.569516165776972
-0.59352348625286,-0.497696902579602
-0.770869969218531,-1.18463776198299
0.478738624536812,-1.30149734188563
1.65365274009135,-0.42443837850187
-1.22126695041598,0.982948670237503
0.459555428571933,-1.17493527585832
-0.915997476154455,-1.24076651315594
0.315067645178344,-0.589034508279315
-0.744199071322216,-0.371794546514624
2.02856363627782,0.462661491209885
0.380024266579258,-0.813689783422
0.841436580507882,1.27991033014098
-1.49829439318448,0.748568930182347
0.109699655673656,-0.607326375580304
-0.641871488849766,0.983939243848685
1.90397217537995,-0.149093820800704
-0.400541248208682,0.772463554546147
-1.764363559461,0.668597955492505
1.97614362497711,-0.240488693052661
0.57996782630018,0.693835409921147
0.357939791113223,0.662107266238795
1.40576620213105,-0.41934312978086
-0.736893322976073,-1.14361789268586
-1.89302281180193,0.278030837100591
-1.64337804986275,-1.47948625139312
-1.277157281915,1.02365501090315
-1.15718448537706,1.0358904726711
-1.34021702825515,1.0701288204194
1.91581053328074,-0.25736064406879
-1.70937464265173,0.520356730488976
1.43827013104886,-0.684392652428863
0.330451591151268,-0.636938803450501
-2.01792260004605,0.142953272079311
0.52874884064607,-0.403888200397811
1.99934827431702,-1.05290149391987
0.845940609028576,1.2974608559888
0.857967086787691,1.38680232757344
0.424989840789407,-1.01048408026123
0.856549543044272,0.403900056013027
0.465514405544909,-1.2100222249421
-0.77652099945051,-1.19147405020906
-1.74207459082766,-1.5169940184956
-0.540840406674722,-0.884491462668353
-1.58583535470144,-1.45957863973231
0.673617120713172,0.415505456041857
-0.633160686039061,1.01890636457672
0.559094623614237,1.11065181680487
-0.652349231151097,-0.44268098734975
0.493346174797237,-1.4177679500176
1.85427883501343,-0.514476200672906
-1.14763208306244,1.19658320209475
-0.665990181285988,0.969351164197549
0.454339417636297,-1.14684474967019
0.49637180526976,-1.4422482253692
-0.734332581567425,-0.361811503210597
-0.0695188837034614,-0.629949128043265
-0.536614539930158,0.997432469414391
-0.452649785189371,0.795984004983699
-0.779500396695912,-1.20507742681025
-0.0744244560598732,-0.630576770088352
0.583589501003556,-0.36445137701133
-0.763513556359285,-1.24578409164911
-1.26964016093445,-1.35546260702513
-0.118629738590535,0.678823126060811
0.863055793422656,1.53620033505948
-0.779346002297352,-1.19489311227348
-0.831663851678402,-0.197391513841534
-0.484817601754395,1.00490614231545
1.97076664955316,-0.921314011006058
0.815903562733057,-0.287317789303353
0.497653409452766,-1.45262659768386
-0.761836191370955,-0.379595454180049
-2.0853808702749,0.0798834032374741
-0.756380182038505,-0.3240164967279
-0.621115029569132,0.880139215971964
0.354257195222523,-0.546005931586642
-2.20333906011758,-0.0099801242556558
-0.752070606462415,-1.27524264762951
1.9632329865066,-0.884366966552368
-0.743565841726233,-1.2975949935373
0.519580386925514,-0.410475454373029
0.676549137115237,0.206496273381468
-0.537239899924296,-0.552357270805817
-0.417953566125146,0.780079952861101
-1.87810073344015,0.29713562048332
-1.29573431515538,-1.36354684691532
1.97594956225627,0.270455387653657
0.547066317179148,-0.390733298259204
-1.44636947192669,1.14830245510616
-0.667551906924091,-1.05807441756296
1.96451906496811,0.220107838519665
0.444450793319702,-1.09796004394501
0.77061788441636,1.06994557928695
0.614003834564726,0.584808249844035
-0.482950650838919,-0.807128680485093
0.615386844189352,1.00641961646428
0.542419450237161,1.14034321006888
-0.530764825811655,-0.558780316192497
0.748481821100801,1.01809998616127
2.02539463306361,0.451543909960676
0.719505988185468,-0.255532745285553
-1.91590947230969,-1.58390655402199
0.802378849014473,0.418488909129952
2.0800302730362,-0.656094073178522
0.294549885335282,0.660142347699092
2.02639411380012,-0.6349529367853
-0.752253163655172,-0.331133437435224
-0.534255888962795,0.997768975150375
-1.3376952280295,1.06827242878264
-1.33733856776061,0.881403160476692
-1.14742585139518,1.38514039747765
-1.16525967202363,-1.32228244022408
-1.15082010865191,1.45688176099703
-1.93653957128444,-1.59170054585309
-1.83347765960774,0.35508285533263
-1.40852907648493,0.822464225678183
-0.673863727050482,0.965156605431383
-1.7554817612029,0.668031080237611
-1.61967492255437,1.27514261863823
-1.15417317492262,1.07672405464865
0.247436542910981,-0.59253722453325
-2.11969031367069,0.0500698808552758
1.25525802751105,-0.388442021587042
0.673676429161075,0.438294940380029
-1.69294965033781,0.664222806208758
-0.737312293412102,-0.368885686889284
-0.847078751073079,0.951237329099792
-2.3214241023442,-0.0734154957792076
-0.636320308851316,1.00570184287481
0.474436285152932,-1.26978565982148
-1.73590514641965,0.484714041974529
-1.15440494238355,1.07331642039192
-1.74962287860914,0.667665141713056
-1.45499285583831,-1.41463000254055
-1.4564379765263,1.15578286289898
-1.14575186411397,1.25134189774477
-1.25471055961623,-1.35078180380281
-1.28983940445341,0.921182405376939
-1.58747202992985,0.674849898788869
0.625748680106088,0.825836460313476
-0.494207370306437,1.00354234654061
0.78283945315317,1.10495924643059
0.201434623868253,-0.597391109008612
0.855496028887342,1.35782005690888
-1.15124530235799,1.12450394030987
1.86508616670102,-0.299761734111373
0.69922999000362,0.966628868960462
-1.28034055605899,0.929166936001949
-0.590887269787415,0.864721869503873
-1.56668613055681,1.23819551260454
0.813371390286692,1.19250007214289
0.668398576207605,0.934595915459336
-2.47478552234106,-0.139177518446205
-1.32509576614559,1.05899043093423
0.601832277629179,0.610360735067106
0.624193760964274,0.990066120518209
-1.15087169021335,1.13135025156356
1.99351147660771,-1.02802667779508
0.56917441661437,1.09233403783732
-1.26194920503272,1.01248871471051
-0.470672816476118,-0.619159796951688
-1.03850405743091,-1.28116945185088
-1.84239929139792,0.34342341273008
-1.24240176302516,0.961121474771874
-1.50904599565543,1.19521654919928
-0.482895184124537,0.810536492961568
-1.14718717027955,1.20684842770251
-0.752900011390994,-0.375583363179965
-1.14585627590208,1.33702683634328
0.327166223015815,-0.626651969293131
-1.15638320361325,1.04608702900549
-1.80972521637763,0.386288505109732
-1.54660316607866,1.22338839921033
0.655475737357528,0.914029985834667
-0.640541793925225,0.989002742784446
0.762899087062956,0.42895851620809
-0.295633299839475,0.729864718634735
-1.60624958943847,0.659331247530744
1.6475236161241,-0.42530870506088
1.96204245478148,-0.61664138663711
-1.39905774311173,0.830259736325702
-1.88468026202518,-1.57231329835994
-1.80140235732006,-1.54038972819362
-1.4362915451106,1.14083486976141
-1.75956318265303,0.668288504577769
-0.474924094226618,-0.61482843819393
0.56666679789573,1.09692097950992
-0.42664284587217,0.78396989056861
-0.693097969191253,-0.403497287775831
-0.298949859858644,-0.671438403051152
-1.73857032620138,-1.5156154014628
0.63760546640098,0.533773458997111
0.692288830437425,-0.0641389931365634
-0.367007404973042,-0.688770812419147
-1.14536249166337,1.27536406026537
0.591993079577802,0.63087652187686
-1.48404913285981,1.17641646549252
-2.56829310461695,-0.176079734541471
-1.12407565965277,-1.30889472223654
0.366356965395081,-0.534100274600551
-0.096169105559883,0.675357569307185
-2.60339659961676,-0.187996569567045
1.9538989325052,-0.246700603262148
0.632992534875618,0.973731747150141
-0.701649012271671,-0.395254703525317
-1.14692229032727,1.37138414281013
-0.733007905272701,-0.367106396928593
0.33079684423891,0.661235561998555
0.191216070154104,-0.598479335419575
-2.51236966406676,-0.154371580337163
-1.93832684257177,0.222365558872679
0.79364973636437,0.420822851357433
-0.260470509268768,0.717182035449531
0.32277142150663,-0.612956832700301
-2.26033350840573,-0.0429899425796784
-1.94666819511152,-1.59562418987456
0.288350449011029,-0.58827905443334
-0.278060395780735,0.723401790293861
-1.61215423617298,1.2701780786927
0.537022771699831,0.669492521136915
-1.07655425910721,0.98475587089113
-2.07188952408468,0.0922124710215984
-0.773272184527027,-1.22088794527952
-1.6293640207929,1.28125577342768
0.119851729849151,-0.606197849898502
0.471416143998033,-1.24868199315577
-1.3325875149881,0.88536952217697
-2.35980689546316,-0.0910129081532846
-0.028282502725395,0.667566892744392
0.859028324381938,1.40133459675335
-1.77700375891514,-1.53077787574342
-0.695235041706482,-0.401434943845435
-0.504480248358285,0.821202013849808
-0.586569705116642,0.86252747319895
-1.15192891149203,1.47310200540283
-1.35519365852374,-1.38213997496295
-1.21737692124914,-1.33902179461733
-1.66701830839956,0.662702496994195
-0.203023268518956,0.698731806377368
-0.586171838573551,0.990382795007509
-0.599523047268514,0.869116375220291
-0.531897636940241,0.998105815743248
-0.330690725921211,0.743455360720239
-1.68604116273677,0.663816058597504
-0.123523995042274,-0.636770009782735
0.135600966206955,0.657461436827936
-2.03484355276386,0.126940509428556
-1.22891567960232,0.988445086159596
-1.74656322671268,0.667474700270497
-0.763066868643003,-0.380156036639474
-1.95964435999933,-1.60080368294274
2.03794481621941,0.499290520945762
-0.645853931566248,-0.44880791963939
-1.36041598901611,1.08497725940242
-1.0496575233437,-1.28481641067717
-1.1588774933315,1.01552796352547
-1.63930468277672,0.66111159265642
-1.99419254589736,0.165540335451088
0.705367283456838,-0.159745398572321
-1.52648604820119,0.725259504176431
-0.80910306331069,-0.234120321381728
0.718145450548691,-0.246406264646455
-0.0191651207177022,0.6667140620055
-1.797889772408,0.401949996646375
-0.526449858250939,-0.563070247262069
0.417019505467614,-0.975403412415575
-1.80676423168072,0.390199437739408
-1.15284755481019,1.09718355858431
-1.41326345336298,0.818569942999797
-0.748097305222494,-0.37347649924993
-0.517379526311108,-0.852718060810638
-0.70581211998883,-1.10608608206201
0.500978522493494,-1.4787534768058
-0.697489827677598,0.952587459525568
-1.89510563063071,-1.57617439151602
-1.14594531180691,1.34045428292691
-2.42909181617953,-0.120434743180967
-0.761577336655213,-0.379477763010769
-0.707988871380543,0.94702606121142
0.510415330857762,-0.417067923521314
-0.0464804178942134,0.669368834539633
0.114774043184218,-0.606760932079454
2.03359785271751,0.480823944810172
-1.33293662711659,-1.37508381909073
2.03452074586347,0.48433980659923
0.850954055828621,1.32208233448625
0.500933580707316,1.21316994890884
0.623574696042871,0.56441125941945
-0.804467680612763,-1.20532719057497
-0.901120419764034,-1.2359863606216
-0.651348809949049,0.895668947970397
-0.71586555706959,0.942871745042143
-1.74180571337273,0.47680158576713
-2.56086697014267,-0.173304076445131
-0.770187885723025,-0.300260140763996
-0.614332852401992,0.986247307630978
-2.48233060739405,-0.142255635918161
-1.46900623677874,1.16515284530223
-0.660743730039797,0.972146091777887
0.910415629808642,-0.310534406461363
2.02433008245845,0.447822351940582
0.530724160489639,1.16087898620214
-1.30494555207954,1.04413132993698
-1.71867790110249,0.665758331586203
-1.23400682121656,0.992121726150564
-0.754549560893202,-0.376315431165634
-1.36547159387865,1.08868884444606
-1.45392178221467,1.15391139600729
-1.14530672807104,1.28222704182556
-0.113694901417221,-0.635512701604177
-0.789628485791265,-0.267020314985785
-1.66114896767334,-1.485810357787
0.400431205550539,-0.90152677047009
0.862757657759517,1.53988798136699
-2.43675910909195,-0.123584985029273
-1.85726642947104,0.324067030039766
0.511235377555117,1.19500553417206
-1.14645595613039,1.35762349299269
-1.35536248555716,1.08126569650208
-0.749503818465935,-0.335871965596209
0.861422807565636,1.44127228599242
0.860219785455798,1.41949538829997
-0.550774933858455,0.995419061691521
-1.73539025956407,0.666781596004985
-0.398317315745374,-0.694038006655194
-0.741248837674182,-0.350046549386919
2.03161277310288,-0.636687273887674
0.863665641239538,1.52020366335514
2.02960498250567,0.466342760363509
0.40437578882168,-0.919113409025998
-0.752329817226781,-0.375331289814414
-1.44026586899977,-1.40971301290303
0.493229680378165,1.22681519674713
-1.411036348552,1.12218334939475
-1.28474889121815,1.02924241082889
-0.762955430876929,-0.380105206712986
0.130017464931087,-0.605078356590764
-1.28221939743447,1.02737990276667
-2.40213788208373,-0.109279980568393
-2.54598178984667,-0.167605709430438
-1.15102398084055,1.46023987281924
-0.269268355470198,0.720259564463532
-1.36261228845485,-1.38450886081909
-1.39331048679083,1.1091330873362
1.99784254055602,0.354258156005536
-1.68085533367941,0.663511613638482
-1.74185098800888,0.667181871522472
-0.505975833862743,1.00183543157159
-1.46233924350934,-1.41710098983226
0.630481052735695,0.978394622210428
0.894699649437417,-0.30660317627247
-1.92969895917908,-1.58909386787123
-1.09051228974259,0.987020210974319
0.763093231561095,-0.274675634247269
-1.14530433424199,1.30279783616794
-2.51985477571083,-0.157350097611852
-1.54239858136995,-1.44443967010964
0.487540705415658,-0.433583968873134
0.541438447015716,0.669779712934209
-0.495843589341239,0.816914063073508
-1.30746570251794,1.0459901343523
-1.61322328661628,0.659695319935335
-1.62460189016915,1.27829895031977
-0.722728447615776,-1.12653113574534
-1.622151891829,1.27674040385023
0.852587379858744,1.33272105599279
-0.407100788016824,-0.710115765241052
1.80395617945942,-0.430666398657067
-0.904840682233302,-1.2371793618821
-0.610974637345993,-0.481340628615674
-0.749345741388565,-0.374020548426693
-0.634071710579936,0.886781269539527
-1.58222899872942,-1.45830898177918
2.23610176912914,-0.172570184665645
0.585373632258456,1.06233525763387
-0.141034463206381,0.682945199540146
-1.37373999385335,-1.38807203805507
-0.685879878808216,0.913520836644138
-1.14656858220816,1.36106261773985
0.640647865427411,0.86996344021292
-1.85341163045027,-1.5605905545075
1.02541361188541,-0.339582334884522
-2.59382764539425,-0.185020078210166
-1.23603268517544,-1.34490365585739
-1.92626214196228,-1.58779390160606
-1.86035178990825,-1.56322299291873
0.208173221437871,0.657966247838118
-0.483448652887992,-0.606181644364211
-0.343814515986877,0.748750581483951
-0.638487435735561,0.997000998618104
-1.72543327890287,0.666169391398986
-1.36632178212474,-1.38569543809318
-1.14782716784948,1.39544185488033
-1.78607090948909,0.417654560508126
-1.46398185796275,1.16140253242222
-0.629752664173975,0.884564825099259
-0.772959513037288,-0.295507497007567
-1.91398025391595,0.251517321223909
-1.09749755021835,0.988163512164227
-0.256067915016413,0.715668462694838
-0.635647702179592,1.00846108417599
-2.12317866415744,0.0471967607780716
-0.660976134176614,-0.434476363391462
-0.816088043518056,-0.22253379119667
-1.71697877943784,0.665655524067327
-1.14528706234373,1.29937194111513
-1.64161585027643,0.611693212655404
1.26061531576858,-0.38952922802794
0.453510555920629,1.29613733763471
-1.77006186629987,0.668985704467617
-1.6254086303877,0.660345297279993
-0.251662027079155,0.714171832683444
0.854372818828797,1.34702053304193
-0.435849548022159,1.0110676574487
1.92174381270031,-0.0145472622217871
-1.93993754701165,-1.59300711183829
-1.15327736997845,1.0903615510447
-1.38318130121916,1.10168945180733
-0.226127034987959,-0.653444523434472
-0.391823692550247,0.768725721949543
-1.69759581337379,0.536218224439314
-1.14859800169588,1.17600618788728
-1.18761345186142,-1.32952464325748
-2.08877049375964,0.0768331741222227
-0.632703059135207,1.02086844967558
-0.782678345403621,-0.278878250834897
-1.49518370719679,-1.42825242883813
-1.49881613715704,-1.42949461998461
-0.445036643747257,1.01024444088735
-0.655500487700686,0.974938706766027
-1.31063338108292,-1.36813575014448
-1.4765336692645,1.17078273029041
-1.9840562465285,0.175279410660817
-1.51654548801396,1.20086107753583
-1.15222505383554,1.1074206552918
1.50408039723087,-0.48688830065369
-1.41799782247506,0.814677033972833
-1.06822009279026,-1.29083056563905
-1.6858138475368,0.552099087234644
-1.92603600436814,0.236708346527992
-1.73000555173869,0.49263053638804
-0.50156638703783,-0.831620195899371
0.441873944610077,1.3159960132371
0.862877449004984,1.53851267536447
0.678051694819868,0.170317582763379
-0.100664507759595,0.676004661859453
-1.14893456533184,1.16913360783084
-0.633422207459875,1.01779047103058
-1.54992438414038,0.705882074824304
-2.05844456043122,0.104729797801192
-1.48655175628371,1.17829506312181
1.51142787665396,-0.465470785496986
1.51438305296588,-0.456948738511651
0.331543845970115,-0.640369952231926
-1.31358475867092,0.901262302282385
1.73968964222439,-0.412364286752077
0.589108226109111,1.05536987291377
-1.72206462011503,0.665963947828847
0.673565885344781,0.397273258045219
-2.2641388149016,-0.0450167718895208
-2.13727173840851,0.0359604720516381
-1.2923307766744,1.03482893113658
2.20443693508972,-0.179923418641181
0.700138983341569,-0.123222727493312
-1.15254659834777,1.47954373603235
-0.779899435917192,-0.283627775816002
-1.16764994102709,0.9964187941032
-0.634808025328069,1.01194531991866
0.644477525756583,0.51845139562386
0.58288534682483,1.06697118872719
-1.78902437564956,0.413725255292819
-1.30242458317859,1.04227195691567
1.72122129545345,-0.414934586533222
-1.49358684001728,0.752459385901538
-1.47904015197998,1.17266027514116
-1.88704824323801,0.285660436635706
-1.23146192632849,0.99028216262728
-2.25652813495255,-0.0409424724379601
-0.220722683954555,0.704139688709611
1.54335608880493,-0.440524528369481
-1.957474615239,0.201711891290465
-1.6894965053336,0.664019309164072
-1.50970808680605,-1.43322704135616
0.49708111961159,1.21998943586297
-1.67047829003316,0.662904334807324
0.795058287866373,1.13998021149555
-1.38824525220473,1.10540967688198
-1.15976290814906,1.00537192675789
-0.431623477381175,-0.74127180565313
-0.638238000779678,0.997988107480654
-0.138277566849748,-0.638699209491354
-1.04868468867731,0.980340202010159
-0.798505229520839,0.944849128535654
1.5106909374316,-0.467605911123197
1.12658990949804,-0.3615577927812
0.38248852122376,-0.518247171111835
-1.54911132838783,1.22525370160564
-0.766036424849622,-0.307388997508205
0.861931357420927,1.45215897650102
-1.25661256620644,0.949138852131462
-0.953123276418531,-1.25283092754941
1.99515429673446,-1.03526304469114
1.91886717205142,-0.0347101574476736
-1.83608944741104,-1.55393642115468
-0.668621569280039,0.904584279748851
-2.60570601000595,-0.188672171682822
-1.14704490232642,1.37482460450794
-1.50654711935568,1.19333527134148
-2.47856036041295,-0.140718793795654
-0.461467526755437,-0.77932326546496
-1.14826750653775,1.18287266182351
-0.858126845289482,-0.157114764585189
0.836963971984421,-0.29240508673726
-2.58669207567709,-0.182644597288148
-0.860486547251596,-0.153663647470611
0.675519696960498,0.233689611241411
-1.14794481008787,1.18973172887947
-1.62714737591544,0.660439692568049
-1.14825174643233,1.4057253121193
-0.517823450613278,-0.571667476873809
-0.436668237985547,-0.654202968784925
-1.75257166691869,-1.52113036662998
-1.70348518605579,0.528284924900973
0.407614293867472,0.663765970344391
-2.0786239208362,0.0860225952258052
2.0306339391348,0.470005664610824
-1.34406697862276,-1.37860053982769
-0.718762449716112,-0.378814138214539
-1.63852777404484,1.28658240832699
-1.20248710955404,-1.33429524834085
0.44649663689465,1.30807665896841
0.773063244621528,1.07694593689126
-0.387463702719501,0.766871767541834
-1.60155583483596,0.663210500309948
0.366976672672212,0.66240400175019
1.94035910497138,0.0977683705074454
-1.52786563120641,-1.43945620914725
0.68386148800371,0.0486521587269107
-0.588525711342826,0.99004385070799
-1.44640475300981,0.791334967377529
-0.466426456100938,-0.623499611317696
-1.48905327678035,1.1801739821542
-0.475486084393378,1.00625545558816
-0.833201988944356,0.94938170362235
0.339849028022323,0.661522472233728
-0.688824516486735,-0.407625509649572
-1.24925707100004,1.00320627979018
-1.6752706944971,-1.4910373416453
-1.57338695113096,0.686490186819925
-1.72115957131791,0.50451033460939
-1.61844858266906,0.659971665310973
-1.4514049350976,1.15204084774384
1.59240049464054,-0.433236269670543
-1.46649460143193,1.16327734651201
-1.41862369542699,1.12777915355644
2.09024564560501,-0.209045700312194
-1.60973734614927,0.659512718907281
-1.07564117442087,-1.29322412328155
-0.552361268193909,-0.537433053254308
0.370425566727896,-0.775053889964558
0.60910684784437,1.01809296794807
-1.25941191644052,1.01062998722222
0.712036546543925,-0.205351870805686
-0.569666033117723,0.992739701783404
-1.15239901058221,1.47817659676486
0.787088009182177,0.422570402559521
-0.632580562349726,1.02139564957061
-0.423454481558752,-0.730893847431774
0.793836408970025,1.13647811042221
0.607852555780454,1.02042631495982
-1.67566742752037,0.663207683876538
-1.6201893532461,0.660064495688813
0.859994463654685,1.41586446927619
-1.76991952302161,0.66897559879529
-2.56458204114174,-0.174699593321703
-1.74907518646399,-1.51975157364251
-0.751161574908717,-0.374816434543108
-0.211649827035848,-0.650226294796787
-1.52154837325917,1.20462389985958
-1.96558857615543,-1.60323791546545
-0.762490761393717,-0.379893404643719
-1.47945617211172,0.764127425109892
-1.14769099121006,1.39200996260364
0.447584092814377,1.30622273153561
-0.594723415976148,-0.958864765892689
-1.61105588785769,-1.46836815068212
-0.710207127540556,-0.387028009813359
-0.0373890128270798,0.668449771208721
0.610361736407012,1.01575918175963
-2.05508099534664,0.10788318576339
0.449879448335035,1.30231521600332
-0.481314406783162,-0.608342010280164
-1.25687402376758,1.00877223622896
0.680701063554226,0.111726104899711
-1.45113495799495,0.787447385668132
-1.37059325017683,0.853754001039569
-0.860212008833398,-1.22295237049
1.93166478916226,-0.252915249944804
0.602841385205269,1.02975567489865
-1.14810739699904,1.4022994997199
-1.48791245159062,-1.42577085320367
-1.39596745668186,-1.39522454092143
-1.38483548622611,0.841982449836425
-1.9124488942887,-1.58261455351688
-0.881809707677168,0.956002546504238
-0.567493685549059,-0.522635040004155
2.00417019106678,0.37683827768242
-0.548413943132583,0.995754109880089
0.45107044891304,1.30028915710183
-1.33517412613323,1.06641602499251
-1.60204369219503,1.2633017823949
-0.508800506308866,0.82335442361972
-0.391323266963107,-0.695005700416057
-1.97057189226126,-1.60531019947384
-1.14640440328735,0.996272050097474
-1.24163522978836,0.997654656292797
-0.735720118892147,-0.359461124882942
1.90947752413805,-0.259143290106622
-1.63162780268227,1.28262193690447
-0.800750703966135,-1.20415595851221
0.203622443229002,0.657871703210164
-1.80835818318081,-1.54311970269725
0.388381321023979,-0.848870606102688
-0.756813656490736,0.939515223881125
-1.14536030828464,1.30964614873056
-1.14549398629924,1.26506747711964
-1.50607780088255,-1.43198202658698
-0.023724867655757,0.66713704713888
1.94255983550461,0.109713485745404
-0.711748017811887,0.926973747334163
-1.82570248917771,-1.54990124269258
0.704708643994171,-0.155179690349139
-0.729424443944762,-0.368560190300254
-0.19713767568775,-0.647372128653494
-0.640279797266949,0.990010362690399
-1.76724002992129,0.668789850973821
-1.47402583481038,1.16890560533283
0.249118046333883,0.658917226451688
0.716284802451713,-0.268001643833808
0.372205499892138,-0.782071716951284
-1.3150225695502,1.05156356058975
-0.736602678477513,-0.368590383004264
0.32174161275892,0.660953438008566
-0.576150573306961,-0.514258778246197
-0.445219919700405,-0.758560428658086
0.853961723957409,1.34343389481866
0.674555901879908,0.940985456830593
2.3473519391778,-0.149973169058414
-0.432405783980003,-0.658623219130968
-1.14935248226681,1.42966327949724
-1.55663853587363,1.23082724428336
-0.557859282821471,0.99441451853448
0.343369462122826,-0.678091575974793
-1.39077774614115,1.10727099128999
0.0242573944821035,-0.617450515081887
-0.712346873573713,-0.384973418371053
-2.32909996785966,-0.0770085277000452
-0.866027379913848,-0.145689869349857
-2.14800196445221,0.0277983579499337
0.535931377029371,1.1517543054856
-2.04834596329723,0.114212415932428
-0.47918229159062,-0.610503109338249
-1.01990159950813,-1.27502249920091
-2.53106531419538,-0.161779690162949
-0.690191842359022,0.915758428909786
-1.90898496573422,-1.58132419987799
-1.66874835680813,0.662803371401931
-1.78311823445084,0.421585534886325
-1.38115509822742,-1.39045250480751
-0.255189886544178,-0.660449360607766
0.524209962082724,1.17227376867652
0.570425707298185,1.0900380430573
-0.437041585941894,1.01097825385767
2.03164629289647,0.473645103508325
-0.167804035639841,-0.642762717288004
-1.14979615212611,1.1519423735322
0.441454634841761,-1.08401901297057
-1.15168718564345,1.47004694764379
-0.713239515443883,0.944254783321185
-0.472797699971352,-0.616993213921265
-1.54158796136009,1.21964888948117
-0.0252502922273105,-0.624039832394418
-1.14927599685643,1.16225723189398
-1.53406842231804,1.21402314358248
-1.22345496265592,0.977116917552953
-0.647029555169124,0.893444043795817
-1.56869248584947,0.690369900034894
-1.64694544729716,-1.4807353139552
-1.67402818823366,0.567990053411301
0.606723687229599,0.600125762204002
0.442893283298735,1.31424277351469
0.506030175673623,0.667691099331947
-1.53908096011657,1.21777546828767
-0.229575893988991,0.706931581648357
-1.25097555942496,-1.34960719756553
0.542491234704798,-0.394019238932839
-0.818893961380216,-0.217926507723925
-1.67393782916971,0.663106497329239
-0.811901996181765,-1.20767177184899
2.07317612871424,-0.652729260901646
-1.19876834174466,-1.33310730541325
-1.15561453157411,1.05629138481333
0.458283247442208,-1.16791039507746
-0.51744467415452,0.827672147597566
0.140128135010591,0.657393494896769
0.574171451650309,1.08313877088722
-0.668614298247891,0.967953147091274
-0.761298788647697,-0.379351205599614
-0.632566821630167,1.02145483830575
-1.3857130840644,1.10354916536823
0.509944219754668,1.19727561330875
-1.46966899955879,-1.4195761254643
-0.357281055715828,-0.68628171733657
-1.33664773115714,-1.37625310963732
-1.28980459799355,1.03296702647446
-1.64970721073642,0.661701308689456
0.685539752846952,0.0171126408494054
-0.634055927750466,1.01510314064699
-0.599866824046766,-0.965931073346444
0.411573732571762,-0.483252696921999
-1.14655433981407,-1.31620078708803
-0.625433774710616,0.882350794871628
0.824177109402006,1.22393771291765
-0.750564364026967,-0.374554082915599
0.638788836992293,0.864446123203648
1.94754364340675,-0.248475975919484
-1.70328785054672,0.664835000063507
0.828798274351965,1.23788849103345
-1.14561160553028,1.2582035534382
-0.300022811039188,0.731515671460332
1.30889696345789,-0.399264509420571
-0.515667649550178,-0.573819971524027
0.485941607927863,-1.35790241046106
-2.10241636827294,0.064767978923645
-0.828803031295614,-0.201925276085644
-0.753628299644281,-0.32876217395007
-0.703788035148428,-0.393196692399225
-1.63263837745287,-1.47576989178387
0.494513565363031,1.22453928557342
0.471353142296126,1.26541166192385
1.92115689874453,-0.0185733241544067
-0.574386107275437,0.992068430050947
-1.75065792801396,0.464941921936283
-1.64456213737233,0.607721122691894
-1.60919882556616,0.655361631357246
-0.445187475686832,-0.645377915632295
-1.71046632005924,-1.50460256181816
-1.55691736562142,-1.44944537235555
-1.62904809992389,-1.47453737554517
-2.06516674301734,0.0984500839063618
-1.2746247409316,1.02179283462674
-2.52733079124976,-0.160308399016374
-0.29124191393337,0.728227670839737
0.456003557538244,1.2918895233811
-1.65405995233208,-1.48325539255743
-1.15349674929597,1.08695128308416
-0.532922808090397,-0.556637689065004
-1.77351572115416,-1.52940050601708
-0.871363254044973,-1.22649223538884
-0.726377998959839,0.937356854840844
-1.57927955466284,1.24729184672025
-1.71526571958227,0.512432382942865
-0.0781583312102623,0.672963525355942
-2.46722119672227,-0.136082928399884
-1.26702176742713,1.01620859891282
1.97320133051892,0.258902242858429
-2.36364611213985,-0.0927197260813817
0.790170764350495,1.12597179922734
-1.56399871281408,0.694249136452168
-0.633567648894304,1.0171716101426
-2.44822124265512,-0.128290761378571
0.276389669711216,0.659632969069835
-0.420730330652545,-0.72743293543095
-1.31833481593434,0.897285593103231
-0.823121767650765,-0.211044963324055
-0.755003934691013,-0.326389803417089
-2.28317793977097,-0.0548579843248885
-1.28082659364637,-1.35894418190848
-2.50487579780626,-0.151373062459721
-1.1428075561298,-1.31498256325357
-1.58180377791006,1.24909546146179
-1.76541248441548,0.445206136145797
-0.543692985479292,0.996424732202202
-0.563168960550961,-0.52684641639387
-1.35890286710553,-1.38332364259066
-1.95649314567802,-1.59952854527733
0.657320902358846,0.91952800420394
-1.9806911647278,0.178538677776444
-1.63409734275601,0.660821297982565
0.411195731707082,-0.48281499052978
-0.747751948848418,-1.28649431046009
2.02645618403777,0.455259133599125
-0.762293261464184,-0.37980345447005
1.03595303833303,-0.342021919278548
-2.31375422773268,-0.0697887791428658
-1.3031856236921,-1.36584004597416
0.63063975776628,0.549097916038024
0.78039565068507,1.09795519572153
0.550260580784701,0.670373966403449
-2.44440576589535,-0.12672458667764
-0.438389782580537,1.01087039211487
1.94705327682596,0.133557742488088
-0.716061193465348,0.929223005943682
-2.27175077198305,-0.0490102615440878
-1.05337248755261,-1.28602482305217
-0.443216528500675,1.01043021428286
-1.84537277074908,0.339544368685626
-2.03146254831755,0.130134381576415
-1.13244046759763,0.993941827085381
0.671476806450351,0.937789556537077
-0.541333088097183,0.996760373956656
-0.859329924822149,-0.155351655556314
-0.680275356540783,-0.415893793571327
-0.738488355389122,-0.354756853939273
0.691257860744343,-0.0551000313169471
0.674937473676077,0.251789108814513
-0.602621107924337,0.987991162845468
0.498365005195041,1.21771557085913
-0.235795321521721,-0.655715122755165
0.481935152129573,-1.32619763360147
-2.15522902535404,0.0224738911573867
-0.477052230640934,-0.612665165596044
-2.35596857973324,-0.0892963827738729
0.755859670498582,1.02802955156752
-0.63277022320976,1.0205797432686
0.673510423992306,0.360841350417838
1.94479422270054,0.121643709650154
-1.16152389392155,-1.32106820127862
-1.6386696544645,0.615664854142205
-1.62393825581634,0.635515748934511
0.664756773145309,0.47244869206922
-1.65490325878422,0.661999812892979
-0.770606090722686,-1.22767225494902
0.567921497658347,1.09462830817606
0.784897476874093,0.423152398319383
-2.02130985282843,0.139742060746597
-0.732280284212153,-0.366808358088843
0.649245802251646,0.943522074808122
-1.3629435407162,1.08683301641023
-1.72410761702763,0.50054991895805
-1.94998884646492,-1.59693185687791
0.490661229949964,1.23136859213664
-1.90499057794208,0.262827512788551
-1.526554226747,1.20838558145136
-0.633045042899301,0.983376273757199
0.586618128369816,1.06001489504693
-0.593229589966497,0.989363556452984
0.578042910777847,0.688357746143722
-1.76922072141553,0.668926363559294
-1.53117446785854,0.721382942482916
0.439934665063976,-1.07703907161331
-0.509490202972569,-0.84215878848265
1.98857088685393,0.320215083403568
-1.14870342086182,1.41599225448629
-1.45895344656662,1.15765523363813
-0.847437085243952,-0.173052207970527
-0.720898699491544,-0.376762424229393
-1.62983121193072,0.627576729093919
-1.14528888568274,1.28565771052934
0.685287579729733,0.0216251023210014
-1.68583595273375,-1.49505203685552
0.845091815278304,1.293951875254
-1.67992128420093,0.560043969279656
-1.06261315703277,0.982528120928636
0.451614440926219,-1.13283576267543
0.687229946075713,-0.00998133625034662
-1.94145646983728,0.218857296069296
-0.767943242638379,-1.23446054099323
0.482384246276341,-1.32972392962857
0.550157051486094,1.12664415306595
0.489376517635425,1.23364582482509
-1.61509601670046,0.647423010024434
-0.76322340635828,-0.380227460646533
-1.69984626279538,0.664630629353627
-1.69639378273754,-1.49912432288895
2.0870808761194,-0.209889770457724
-1.71186243728236,0.665347324525937
-0.681566952383672,0.911284719546562
-2.01453391064005,0.146168730195062
-1.07193049111323,-1.29202762127791
-0.812386941130661,0.9466476381167
0.0583037588535337,0.660616661909351
-1.7455762058564,-1.5183727691543
-1.96733725839962,0.191685848324883
0.181002539141435,-0.599570603612314
0.463798702977895,-1.19949833511895
0.861050338219954,1.43401415821147
0.489449092967344,-1.38607046045133
-0.634234162543184,1.01435166528855
-2.3867186053511,-0.102762406009922
0.840468218742497,1.27639885695783
-1.76325055056633,0.668525239369106
0.863519845820809,1.5269828550474
-0.491526908458112,0.81478019273176
0.472641415708297,1.26316040574678
-0.990193412318545,-1.26511042520233
0.839481598642604,1.27288775023514
-1.97234325825573,-1.60605747840709
-2.36748664512461,-0.09441694210414
-1.14527389475554,1.29251676240161
0.475898664504645,-1.28034501903462
-2.33677789733335,-0.0805667510491654
-1.06958178111035,0.983637069219439
0.698853988151769,-0.114102770003303
0.0995602355030802,-0.608464620767666
0.503504035220891,1.20862685455608
0.863675212684908,1.50974101413585
1.49968795503345,-0.499776736798147
-1.14624015781556,1.35074973560823
-1.74770702772109,0.468893860017715
-1.44133174325429,1.14456735159027
2.20760450798641,-0.179163851394667
-0.643684081775273,-0.450846087366447
-1.5641631316107,-1.45196573268414
-1.81565275714173,0.378474433901287
-1.6479744885727,0.661602286489216
-2.34445501261044,-0.0840878514770455
-1.41609557018025,1.12591395438862
-1.53149879388087,-1.4407016998125
0.479083619652356,1.25184765722718
-2.00775297423363,0.152611712992353
-1.22483378520709,-1.34137567150132
-2.0618061796154,0.101585115098686
-2.37517303483051,-0.0977829608177715
-2.01114393416373,0.149388284201009
-0.487161368311316,1.0045658854337
0.599185808905426,0.748800278255005
-1.96825682274996,-1.60434313774325
-1.02085347376093,0.976070625843261
-1.00503478036439,-1.27006755084528
-0.811893063174667,-0.229474092882683
-1.45586245508548,0.783560539413141
-1.73044405034863,0.66647661980232
0.761887980468903,1.02349077492133
0.232106740101218,-0.594146866114627
-0.597880958599024,-0.493592236626782
0.508654197316117,1.19954557530235
-0.579103306193657,0.991395712924407
0.423390195476232,-1.00346712942646
0.861768202016916,1.44853024944133
-1.64277390938812,0.661306916283709
-2.50112549763898,-0.149866229334317
-2.45583663782364,-0.131415835976024
0.34019211332915,-0.667814917772852
0.690769300056509,-0.050585119095312
-0.718492278727457,0.941490465039139
1.96024508663403,-0.86956726346163
-1.78746607126127,-1.53490549386741
0.708680992980447,-0.182556908031021
-1.7447562818623,0.472847102850005
-1.86729857054222,-1.56583813343633
0.68136244624485,0.0982088482955766
-1.75955818972787,-1.5238877338609
-0.31839088956676,-0.67636481347087
-0.51212391069266,-0.845676484127124
-0.554522499957181,-0.535309853416084
0.442294642727184,1.31527184524556
-0.895720038048664,0.957944265160476
0.0674018465733699,0.660081458318815
-1.67912620682322,0.66341024491185
-1.63568899031617,1.28499488793621
1.92415823070238,0.00153511365206951
-0.771573329704252,-0.297883809615605
-1.67697477970719,0.564016918682046
-0.361291894388841,0.75591844636092
-0.637501373705788,1.00092468191386
-1.25433556833578,1.00691560007073
-0.524292824016874,-0.565217473394308
0.68755290891028,-0.0144955444860344
-1.69467517278743,0.664324653866825
1.9722862498627,-0.928689565042158
0.547584738057427,1.1312112302828
-0.440929245985554,-0.649787096070572
0.516412000168302,1.18592144912707
-0.662252016137933,-1.05106389631085
-0.408970435246752,-0.682962141129267
0.76080591299331,1.04198259312979
-1.20620699195461,-1.33548032023926
0.469328847269996,-1.23461378730207
-0.756588808446086,-0.37722606901722
-1.15778512395912,-1.31985265645673
-1.40597383361183,1.11845292616342
-0.79936015626705,-0.250496737723956
-1.15062228969086,1.45350448028738
-0.502745172691981,-0.586753459866258
0.49211158567894,-0.430275251701839
-0.739869449506645,-0.352402540055023
0.993973413385237,-0.33190740528831
-1.40705816558485,-1.3988164542503
-0.456063139152817,-0.772397368165606
-1.42367672572619,1.13150923578857
0.217275842507023,0.658163418164588
-0.965286974672477,0.96784697020281
-0.710614001779384,0.945639568630525
-2.48609658044414,-0.143787779276456
-0.411100322205706,-0.680748129245496
-0.844599418287092,-0.177356198042276
-1.15946525715295,1.0087546258532
0.665880449262695,-0.30474693408863
-0.69224010445156,0.955375785651416
0.57666353282212,1.07852931568722
-1.14641458984573,1.22736414430513
-0.67385550017805,-0.422098506953548
-0.817489910825825,-0.220228187980736
1.43804893218228,-0.685088562390534
-0.449441874099881,-0.640977877115241
-0.640805148366294,0.987993318181374
-1.88815634365453,-1.57360120872795
-2.10929511387757,0.0588286962571298
-0.571668195663827,-0.927006332847573
-0.64001919514591,0.991016067712546
-0.886238591468425,-1.23122825624438
-0.143198541192567,-0.639355102280787
-1.14540011084948,1.27193200513386
0.689970514126744,0.956999617829083
-1.72705631696732,0.496589946102227
-0.637990443618649,0.998971392273126
-0.533053142793964,-0.873885393779755
0.0992751645001096,0.658538618164929
-1.1577360843793,1.02909762706585
-1.14668398533561,1.36450272136024
0.485519875126099,1.24047748945572
-1.60385191940697,-1.46587909578697
-1.43377037227531,1.13896933767556
-2.22987984943729,-0.0259986634287168
-1.82158832532657,0.370669023044221
-1.14987518775162,1.43990301962961
-0.642141153762362,0.982921948541094
0.460122118471969,-0.453510217071073
-1.35159107863078,0.869526316053453
0.70208713823948,-0.136914442123974
-0.86790821323023,0.954077567966513
-1.75655996989109,0.457042378741665
-1.12781991234154,-1.31011110400132
-0.678136468765562,-0.417962211791213
-0.510686803772626,1.00115411276469
0.696959773258582,-0.100439219639752
-0.623106849249563,-0.997829470202171
-1.14567895862406,1.25477233043498
-1.72710969076613,0.666271966694496
0.682718864590285,0.0711654624242438
-0.746821777262069,-0.372923330629633
0.494211866278569,-1.42478830779572
-1.4211507533547,1.1296442447006
-0.522136071633166,-0.567366136320373
-2.15886246966198,0.0198451763004173
-0.795189172462024,-0.25756346582174
0.862525849573311,1.46666598757307
-1.32308542616515,0.893311096161162
0.480577977913684,-1.31561376505069
-0.75798056706526,-0.377850973656416
0.488256677761168,0.666820181672445
-1.65143956415619,0.661800582831729
-1.52179532457162,0.729138123512978
-2.60703448251392,-0.18905183322983
-1.51404508028898,1.19897952131573
-0.654350232303129,-1.04048287189423
-0.187398796264016,-0.645742925885438
-0.432706000838949,1.01127502761805
0.104628415464698,-0.607894253375275
-1.64624137658046,0.661503534842277
-2.09899122705894,0.0677626895511572
2.03817908625835,0.500584988341952
0.461076935521393,1.28320795549866
-1.65045500070076,0.599775895638979
-0.54587878095593,-0.543817109855541
-0.789601773441407,-1.20064739552649
0.679848314323424,0.129746351753725
-2.45203152149343,-0.129854539700769
2.01262647540309,0.406776924931107
-2.21468106431395,-0.0169691655289104
-1.81183208166455,-1.54448114256291
0.703395142395542,-0.146046824901873
-1.61804389256931,0.643453924853366
0.810935634126858,1.18550155876381
-0.810497528054545,-0.231795294554734
-0.762667140965203,-0.379973772529854
-1.64750852325414,0.603748657050392
0.285472966167626,0.659884521838748
0.489883643447019,-1.38959428643236
0.645507765001958,0.950477608507822
-0.611992490229646,0.986598963850826
-0.808184822929936,-1.2064991585054
-0.951379790201328,0.96583874760693
0.55400066536561,1.11979203796662
-0.435320897306848,0.787918613432304
-1.41444440758083,-1.40121990438096
-0.697372524342559,-0.399373765019694
-0.48721092456607,0.812654111950732
-1.80084673466609,0.398030147141924
-1.70500647630839,0.664937306820771
-1.59697972931565,1.25979413877679
0.162759070025868,0.657295774014322
0.323871228504578,-0.616378288674788
0.491616242161375,-1.40369083116661
-1.36800013317357,1.09054482747335
-1.79493377752625,0.405872657415466
-0.582654475166828,-0.508019029692126
-1.34208948471795,0.87744028094067
-0.714486215520842,-0.382919594356967
0.470065192576406,1.26765815156798
1.50261519143396,-0.491183494995308
0.860438157365571,1.42312570277674
0.635501460191513,0.969072807371221
-0.587024917624797,-0.948261183114314
0.705401967547244,0.973052978812482
-1.50155004253999,1.18957339979626
2.00628437121528,0.384341127295802
-0.716624847773962,-0.380866511965042
-0.742626775314355,-0.347688764548174
-0.767419397716794,-0.305012759309307
-1.15143576919349,1.12108402516545
-2.25272238158824,-0.0388739267887794
0.643010990224766,0.955120248520289
-2.34061665439051,-0.0823320801660458
-0.362144133107546,-0.687525878139916
-0.202032959362501,-0.648042851372618
-0.553136199140526,0.995084140107511
-0.684550828911034,-0.411758076726223
-2.21847468067235,-0.0192585663526012
-0.572026372401469,0.992404216361444
0.414118380821113,-0.486192514323624
-0.749958959493239,-0.374288722455323
-0.758835054423478,-0.378235949898791
-0.737105316491242,-0.357109650270363
-1.9908083679724,0.168781565165127
0.681140173713848,0.102715126538632
-2.29462378695304,-0.0605534996210407
-0.548039364533864,-0.541686860088227
-1.58685738057374,1.25268632725167
-1.5541289234577,1.22897347354758
-0.796579401865794,-0.25520510313494
-1.72375142669604,0.666066706406671
1.84418558943638,-0.497728671745498
2.01411251754165,-0.631052719101647
-0.75381812259601,-1.27071950122623
-2.0382226756217,0.12375109546758
-0.635218580344224,1.01023623891927
-0.738721286432726,-0.369474430504196
-0.777121927505099,-0.288379047111999
-1.62545400783758,-1.47330594529711
-0.439878578884555,1.01074331983201
-0.464014064897245,1.00787803908122
-1.59686163772803,0.667090029226168
-1.80488156054935,-1.54175586253276
-0.633286365807978,1.0183696024184
0.488577553683482,-1.37902487538417
-1.54409537493887,1.22151999648379
-1.83050395055754,0.358975816891422
0.606440748504262,-0.347922296180304
0.467490909850241,1.27213500194932
1.4399173462223,-0.679258518656518
-1.35634188322641,0.8655758168154
-2.52359394437542,-0.158831816525285
-1.14569441566878,1.33017754024856
-0.746055826086416,-1.290959159759
-0.762074956698299,-0.379704080100746
1.90809193050931,-0.116262351286453
0.859523870326251,1.40860065697376
1.2820517150803,-0.393851257701943
-1.75260162873548,0.667850888165404
-0.852962660300597,-0.164757480642541
-0.604965674673818,0.987645151490671
-1.67879386413706,-1.49236762701712
-1.76246180040296,0.449149610269758
-2.35213073874885,-0.0875700569486994
1.97843652589696,-0.958168928323606
-1.99758028895584,0.162303042565506
-0.739420403524521,-0.369767754551223
-1.15745859943053,1.03249350860744
0.856171911092182,1.36504632300263
-0.671713095519357,-0.424165629729773
-0.762387963634434,-1.17438554875556
-0.745521625606471,-0.372362303521178
0.863695073742401,1.5132543538632
-0.589171379948459,-0.501814763466395
-2.19207480561305,-0.00281325716233248
-0.641603026706869,0.984955082495859
-1.75112335858242,0.667758652198031
-0.807709504564,-0.236449121166735
0.802389312060312,1.16099255417544
0.0391763600185649,-0.615563562116636
-0.81932588594376,0.947553426405461
-2.08199898060692,0.0829465759829107
-2.59725367184011,-0.186115898732336
-1.33265368974699,1.06455962480904
-0.374381431453942,0.761361896611087
-1.73885533065594,0.480757254686005
-1.15202344618553,1.1108345717744
-0.888764111532209,0.956971662627559
0.687157453549184,0.448541724785589
-1.14796592096971,1.39887170167905
-2.47100585386713,-0.137632119073304
-0.552028497362264,0.845042017766688
-2.40599439999661,-0.110890183993045
-1.29933748316906,0.913206567086968
0.321671125756757,-0.609536815171594
-1.38486072423456,-1.39164406451668
0.856492641423029,1.36866557358797
0.584129402859696,1.06465405310605
1.98656765179242,0.3126063133241
0.308843303394369,-0.586151359026043
-1.02780747833813,0.977126379498437
0.988748891115847,-0.330581261581505
0.759572707734952,1.03849280083723
-1.15512022688112,1.06309868668235
-2.22227304002435,-0.0215269923281279
-1.03106323847207,-1.27871985836268
0.822998553148407,1.22044944341335
-1.43881197853533,1.14270083525515
-1.71749997459909,-1.50735160895027
-0.564983938519911,0.851584540976986
-0.556307658702008,-0.905733950788062
0.444505960949511,1.3114778438539
-1.65317157190224,0.661900090336889
-1.14886055591001,1.41941167970099
-1.15162887649105,1.11766599663688
-1.37811904185317,1.09797227405469
-1.97399009433865,0.18508646849246
-1.29737979576505,1.03855148817494
-0.867519752222172,-0.143580316088107
-1.32550974547566,-1.37275501863593
-1.58432976689739,1.25089368241575
-2.27936717499763,-0.0529268825805841
-1.50300022386929,0.744678900134497
0.629481799731199,0.836861791284455
-0.619710499490388,-0.473205652457396
-0.103870119329036,-0.634273772459015
0.736193530809146,1.00521660448737
-0.740807155994793,-0.370351975447649
0.854764195076201,1.35061419382981
-1.05564769682815,0.981429230212266
-0.744003526206319,-0.345329113177035
-1.14554990525691,1.26163534176243
-1.89163156120714,-1.57488805218843
-1.72101559563351,-1.50872749617056
0.25254592317764,-0.592002551985533
1.97688195411506,0.274301065502343
-0.758415494985324,-0.378046802032269
0.44880991350746,-1.11886582436669
-0.65026139796729,0.977727965228837
-2.32526153636747,-0.0752162411512016
0.86291392414041,1.47752485241929
-0.738018538074643,-0.369180387760307
-2.24130155279078,-0.0325375478921842
0.673516145365464,0.374496270939924
-0.632941991254781,1.0198425441032
0.635294506624046,0.538881786694655
0.857399820399295,1.37954138284728
0.394587089967623,-0.506424295969158
-1.90798535827053,0.259044788515654
-1.5827769270427,0.678730044002126
-1.28828116290441,-1.36124998809016
1.96878048313812,0.239566319293138
-0.725165930973478,-0.372660650359037
-0.742177515458942,-0.370932446952049
-0.633045718070964,1.01939817422119
-0.676488829762627,0.963758313869017
-1.46530842299521,0.775788027330549
-1.51333853645181,-1.4344726557243
1.97688668067131,-0.950798115800989
-1.00001248516023,0.972943907947442
1.86186255503714,-0.527053483027989
-1.28727729890321,1.03110482002432
-2.49361724302978,-0.146837210963668
1.96398220491065,-0.888065369239225
-1.01618263038473,-1.27378551416565
-1.63732084599664,1.28591547450631
-0.507049567624067,-0.582439536341758
-1.37052914997128,1.09240106042229
-1.55930593198808,0.698127691197356
-0.216474218172699,-0.651270600780606
2.0744208872591,-0.653313777019684
0.72389067074266,0.992341700608499
-1.87214358886549,0.304808286895489
-2.28699080806984,-0.0567720808494757
0.140196814124055,-0.603966801738105
-0.555497674117484,0.994749306061502
-1.48154529166873,1.17453819689602
-0.861589891513489,-0.152060258239383
-0.855605148675171,-0.160832452155438
2.00441527479573,-1.07103313498917
-1.14716970968455,1.37826436493588
-0.746754518754932,-0.340604150184125
-0.763156243532311,-0.380196812792097
-0.206823840317175,-0.649212606062507
-1.14952331297573,1.43307821195568
1.98165164181974,0.293496605594433
-1.64450785579245,0.661405072139155
0.651732465459977,0.938891108918289
-2.2679444339952,-0.0470233934149574
-0.313177629208916,0.736551922780096
0.52942121290077,1.16315917801959
-1.55161989107381,1.22711551529145
-1.15145589135902,1.4668481953672
-0.850231555811478,-0.168842986346024
-1.68231545970709,-1.49370614933215
0.480121654655723,-1.31208467297798
-0.498912434671362,1.00285924437229
-1.27084379996675,0.937155777245051
-1.92300773771632,0.24037154836511
0.594094243356926,1.0460657347931
-2.18834061110769,-0.000383615546997275
2.07941005444391,-0.655774364964178
-1.78016628936082,0.425518056376072
-1.15005628079958,1.44331154107145
-1.15338437786362,0.997442275998454
0.186108726579964,-0.599024608994525
-0.547708089280578,0.842864689885039
-0.923550371681937,0.961865544725648
-1.65634816535453,0.591829780936922
-0.848840879505862,-0.170934101302305
-2.29080602281524,-0.0586702033896281
-1.63375874474042,1.28388059881664
-0.409827966061768,-0.713580617227364
-1.832627592034,-1.55259450337618
-1.14630366065005,1.23078541946225
-1.3099851591731,1.04784840328066
1.92780351495866,-0.706308141356281
-1.10448591107895,0.989312422629406
-1.68776906746013,0.663917654235363
-1.11147596028178,0.99046559645778
-0.482477316893261,1.00524556408502
-1.40850544068158,1.12031806991352
-1.15691383339189,1.03928842240356
-1.27968884846009,1.02551740123549
-0.595701608676481,-0.495643012207241
1.93662005190292,-0.750887626946235
-1.53156301658893,1.21214489420599
-0.679114069949136,0.96236016318198
0.556552244968642,1.11522269161906
0.720812468520966,0.989124990131994
-0.517754962262149,1.00013462728499
0.926115797816746,-0.314492199795734
-1.14680194475539,1.36794337455965
-1.71398347575568,-1.50597656377316
0.410687875692409,-0.947293898541972
-1.50244731011446,-1.43073783652751
-1.62099129042357,0.639484877613707
-0.289225237319279,-0.668982771837589
1.46576005156069,-0.600361311994554
-1.48062824483393,-1.4232919528778
-0.569301187907631,0.853769178745498
1.91390580376999,-0.635834816935412
-0.496265534961655,-0.824607934583605
-1.59191669446647,1.25625371633604
1.93515060766,-0.74345926373396
-0.742909106715776,0.937746505807362
-2.19957458734313,-0.00761106693798131
-1.15105733209145,1.12792596147032
-1.89857828649691,-1.57746074816417
-0.490950263042518,-0.817607188533162
-0.520001362785926,-0.85624164405537
0.439150245050167,0.664853831591884
0.474927134688672,-1.27330439860262
-0.059703958354111,-0.628674832071384
0.403099477922505,0.66361304899732
-0.738940694899344,-1.31044420086833
0.017328665896497,0.663553728898071
2.02006231231961,0.432903299025981
-0.634984092675586,-0.458984560348006
-1.15830073962011,1.0223096501783
-0.515398711717765,1.00047409560776
-1.15029989250912,-1.31741870129928
-0.749468494404474,-1.28200613016672
1.46787660981428,-0.593977808166696
-1.84647862536185,-1.55794083270489
0.417813118569776,-0.978912069110015
-1.61496554315195,0.659787092134794
0.705064658260914,0.443950015265929
0.69614332225367,0.963418002329862
0.303719064711119,-0.586684434675357
1.89522856847842,-0.223244174875535
0.464920233665643,1.27658703194459
-0.561007075328973,-0.528957466122179
0.471928621209958,-1.25219910530699
-1.03476443029813,0.978189481954596
-2.40985024298325,-0.112493812002652
-0.457338218327284,1.00877714058968
2.06770703521875,-0.650277481277025
1.0677895133568,-0.349066184294951
0.561627645706324,1.10607863889948
-1.16036504372647,0.998616481989498
2.36939555312503,-0.146114441776967
0.841523286085771,0.407953998277283
2.02326373880213,0.444096217489386
-1.46146810592229,1.1595284737599
-0.396183014108192,0.770589413061342
0.520306742731469,1.17910143774324
-1.35148468991655,-1.38095807365641
-0.632607964991633,1.02127764252728
-0.500161301358645,0.819054947529527
-0.148120816751962,-0.640018181273526
-0.282455143386507,0.724995889098081
-0.566553110988496,-0.919913215721826
-1.37534230639296,0.849824340599083
0.338049960807745,-0.660958518978002
0.686064662446943,0.00808262203523893
-0.705927494349358,-0.391139608069495
0.459801349939598,1.28539649285907
0.686624663295033,-0.000950110761110017
1.85782942705941,-0.309836095763671
-1.94331548900083,-1.59431532205513
-1.59216698531797,0.670969859546393
-1.5966470596161,-1.46337136707697
0.577908549181459,1.07622156540229
-1.9706569311275,0.188378780047889
0.718825448143278,-0.250968678238429
-0.630624432044505,-0.463048544493328
-2.30226755133314,-0.0642804788637445
0.863395692809024,1.5302514804047
1.99575029391122,0.346712551354553
-1.71357074523093,0.665450006466975
-1.45866790889922,-1.41586478433909
-1.38008988450264,0.845900497171327
-2.23749382132675,-0.0303806367800488
-0.154406027523026,0.68578979987904
0.848297728724066,1.30799216916327
1.3573558365389,-0.409153808723729
-1.6618273307768,0.662400507994362
0.457638558801514,-1.16439755934387
-1.69122339576644,0.664121025610923
-0.764398629302873,-1.24351832450975
-0.681739371238307,0.960962271310162
-2.59029275597709,-0.18385802689501
0.830672037940367,0.410878399186855
-2.00436153164114,0.155838766289897
-0.747462767570389,-0.373200972923807
-1.92281724890098,-1.58649610148623
-1.1504294764157,1.45011451705772
0.808495880343573,1.17850052410535
-1.08353106250542,0.985883911729522
0.836424119643083,1.26236238715639
-0.916592289896665,0.960880596664805
1.44089141111039,-0.676253399892108
-0.498917768803941,-0.828112653815288
-0.0498792186768409,-0.627374043113517
-0.67021384143469,-1.06156364935789
-0.699510502446462,-0.397313705421874
-0.109649870993643,0.677365578053159
1.92477915465033,0.00555285239843335
-2.22607509808204,-0.0237738644524447
-1.75687775170884,0.668118771523995
0.638007617522752,0.964417914062245
0.967868736572165,-0.325206587306323
1.46364952481325,-0.606748221988166
-0.604424929043326,-0.487456479331916
-1.69991235796274,-1.50049019235053
-1.27209127327904,1.01993097349381
0.614467806525216,0.792809407243803
-0.630705359786878,0.983740823406477
-1.11846602817345,0.991621933466166
-2.13019568570233,0.0415268141023872
-1.37003111554319,-1.38688320908238
-1.10166288998541,-1.30162537073417
-1.38957872493761,0.838069970273339
-1.68286765781008,0.556071311654287
1.9674988482537,-0.618049310986152
0.414473496085182,-0.486601979926528
-0.434345084149405,-0.744729909354353
0.74541149084535,1.01487871359096
0.800198366304471,0.419072823719966
-0.782170935524635,-1.19831295421667
-1.15217426603571,1.47589138873445
-1.75823964396598,0.668204646300953
0.622935417071474,0.992402108532847
-0.736968033794652,-1.31638597071557
-0.96795324935191,-1.25771669895055
-0.446939874483554,1.01003995438783
-1.92907903653729,0.233075332180921
0.462355714276751,1.28100957326364
-1.35788896112053,1.08312150381062
-0.763766018765523,0.940400747076829
0.4698563741509,-1.23813051967177
-1.71231988671442,0.516394181612362
-2.13372603282538,0.0387307537596308
-0.633475022811614,-1.01206592883337
0.447376744534545,-1.11189336788231
-1.67739689437609,0.663308934205725
-0.746174634897939,-0.372643725785856
-0.735173800622379,-0.367998160880278
0.46202223597776,-1.18897560610158
-1.26955693058459,1.01806952782591
-2.41755667205293,-0.115683840078839
-0.603841202090556,0.871316575864093
-0.785458123068798,-0.274131623473914
0.579659320570447,0.656546818688562
-1.54966151435147,-1.44693760822945
-0.785886221451818,-1.19947971633035
0.681586235648969,0.0937019807609894
-1.2322982644103,-1.34372768636334
-0.837415998305774,-0.188392600160571
-1.21871355413845,0.981121234367552
0.863582358135104,1.50265955637487
-0.638738660485354,0.996010445308727
0.326046113589742,-0.573753393572228
0.786505114909487,1.11546549458542
1.92604122976835,0.0135885373843349
-0.417489978639909,-0.674108053462817
0.336972914839545,-0.657528554786438
2.38750294441708,-0.143125438545905
-0.370019521846368,0.759540676232949
-1.48887794627294,0.756349556393154
0.338131366626117,-0.561871414888446
1.8190418383617,-0.455865367976933
0.412268639851596,-0.954329831417569
-0.404372933944776,-0.70665051019439
0.684195950901109,-0.291396281978211
-2.41370460534396,-0.114091488661933
-0.438799007938531,-0.651994348457997
0.364987592934426,-0.754051454058514
-0.756097637673325,-0.377006181225048
0.448714891924577,1.30429699580792
-0.841734909353044,-0.18173207541314
0.843311845882342,1.28693244289068
-1.37744809394988,-1.38926182373855
-2.37901935689722,-0.0994519430417652
-0.750878390152305,-0.333503422688423
-0.934572093175376,-1.24677492482415
0.771718072359258,0.426639145057147
-0.45335630255938,-0.768936712641726
-1.10912218036979,-1.3040417282681
-1.25179657960103,1.00506022813361
2.00526416542616,-0.628388927721888
-1.91936592664753,-1.58520035900016
-1.76867635940143,0.668888419834906
-1.14902109736647,1.42282994505639
-1.78049156177149,-1.53215463946583
0.412873607278104,-0.484755789470115
0.676732221673005,0.201964497881811
-0.711433091298916,-1.11289171759263
-1.43657976878576,-1.40849078638007
0.763266551541314,1.04896595938206
0.835375136347938,1.25885826839953
0.863346336893041,1.49193783921899
0.50736524914789,1.2018155540538
0.72018736193904,-0.260099194675352
-0.775733874629602,-0.290755065924479
-1.14532875432439,1.30622255551452
-2.42525090494248,-0.118854937899714
-1.8777267804187,-1.56973195693554
-1.6635578139695,0.662501054006893
-0.740115744889771,-0.370060293617858
0.920885215732977,-0.31316977014149
-2.24891604356701,-0.0367838661853451
-1.14733181404961,1.20342798932096
-0.866638650608019,-0.144823573015449
1.47499279997623,-0.572672976840003
-0.889958734682756,-1.23241566364636
-1.81877183399895,-1.54719648876706
0.0591788861888041,-0.613130097552877
-1.34273954291294,1.07198517741016
0.766946340324073,1.05945077582869
1.90814176639495,-0.606254315209784
2.16955566693329,-0.188524564039342
-0.791561588774594,0.943955136782368
0.739267140670704,1.00843693686185
0.501850619324675,-1.48452750946628
0.475218430558241,1.25864533786098
-0.854019180341839,0.952176674132736
-1.00695627685631,0.973979659257965
-0.993070245065577,0.97191422478803
1.97611491684265,-0.947113620713513
-1.63980407467519,-1.47824310811998
-0.862632463983455,-0.150551776243374
0.486383010580283,-1.36142218683485
-1.74025274757507,0.667082696944981
-1.14665236149388,1.22052455562334
1.98198993524592,-0.621863684593868
1.91608279864984,-0.646933836291373
0.725170433175138,0.438770809765841
-0.958334458761119,0.966840954972771
-2.29844426069389,-0.0624231850578311
1.8957035548571,-0.21911853501729
1.90742453811648,-0.60255330237069
0.122004462600028,0.657761071266026
-0.494151306959447,-0.595385762797324
-0.583816759026492,0.990721038391859
0.837458621808187,1.26586896449012
-1.73702146342539,0.666882484254901
-0.719899900542406,-1.12311790677923
0.458529822758932,1.2875739876283
-1.59304402549973,-1.46211071663091
-0.856495629030337,-1.22177417244054
-0.591346711918717,-0.49975409608704
0.673774229775635,0.310777157898137
-1.6566346509836,0.662099732668681
-0.708067255050499,-0.389083395226449
-0.760349275511023,-0.378920495071632
-1.28455408243383,-1.36009846041193
-1.51710153937324,0.733019363347422
-1.39584337516491,1.11099591825183
-1.72037330745002,0.665861147177778
1.48729189207236,-0.536259277183005
-0.765284137202186,-1.2412530959391
1.38424307033321,-0.414763096732313
-1.86916667544322,0.308651549541235
0.390018499107609,-0.855904551790879
-0.765216238728442,-1.17780288036922
-0.919714544871171,-1.24196502020948
-0.437065761710307,-0.748187650893669
-0.19860413597915,0.697421696754701
1.89475430400847,-0.227369751544562
2.10608137258362,-0.204853940159385
-0.641069826451972,0.986982182338636
0.65578150789776,0.492909064097442
-1.65050606346401,-1.48199137365961
-0.595579512592316,0.989022051373041
0.41111132869231,-0.482717215307304
-1.66009665986152,0.66230009606463
0.751842888741696,0.431851467184492
-0.742856099198091,-0.37122105992604
-0.273664866640584,0.721822836370389
-1.4416722962236,0.79522341782253
-1.70672343856429,0.665039694830344
-1.69287491987084,-1.49776208190113
-1.32257728675643,1.05713395684567
-1.77002738336746,-1.5280226988434
-1.57171810243606,1.24184955521396
-0.33506628868439,0.745210948196058
-1.93312563108726,-1.5903960803623
-0.563994527120446,-0.916367164553856
-0.658822845159964,-0.436531554724877
-1.14603923712613,1.34388388902728
-0.834200796673885,-1.21471659288551
-2.60049217199922,-0.187121647496689
1.45965093131035,-0.431081987016634
-1.14539895281564,1.31306875049699
-0.639502338581179,0.993021190857103
-1.46058697126365,0.779674189054272
-1.50770374004205,0.740790136002509
-0.803532898288299,-0.243457462934312
-0.633885068131647,1.01582532216083
1.42731893852393,-0.423994900919535
0.611017502062788,-0.3446042124356
-0.543386554464385,0.840688980797888
0.499334845666319,-1.4662125479842
-1.4107519303213,-1.4000171548359
-0.770717538332072,0.9412871404518
1.98557397777805,0.308794032324106
-0.784615706775361,0.943063852449974
-0.860962137038398,0.953123629521881
-0.759134858638162,-0.319267718967237
-0.723033287798756,-0.374711296685099
-2.11274934313301,0.0558873596784688
0.878975333549539,-0.302697348766635
0.474903575934597,0.666230395240239
1.30352217663163,-0.39817757791079
-1.76540555849429,0.668666740050454
1.96173726485919,-0.876968374547253
-0.569110830982873,-0.923459737587277
-1.29458858125903,0.917193203887346
-1.81530325136448,-1.5458400968537
0.499649118536541,1.21544241737106
0.647596483335216,-0.318047599864028
-0.626260628307258,-0.46711117153828
-2.42140566812685,-0.117271469869648
1.87704359020138,-0.55223148917373
-0.469549166212324,-0.789728252411003
2.17907589236273,-0.186142064906606
-0.757332171815013,-1.2616553508153
-2.5497060650776,-0.169044709124593
0.358290224058896,-0.542037364360444
1.86692177435829,-0.535443960353402
-1.31807531095395,-1.37043949390981
0.688245989449568,-0.0235205316003748
0.673549682416643,0.342638152221361
-1.37558860524263,1.09611468315055
-0.755572641834006,-1.2661893931072
0.155486939820727,-0.602311063645031
-1.03478395627193,-1.27994639878594
-2.24510906207163,-0.0346718649566106
-0.775940610973311,-1.21410810056153
-2.39057131694644,-0.104404244280261
0.615594732977665,-0.341284182903823
-1.22636788527882,0.986610506517831
-1.76084343770461,0.668370101901082
-0.447934419349943,-0.762018505550699
-1.4287254897108,1.13523909612213
-0.177619323056345,-0.644213793854742
0.362458914219002,0.662255307267099
-0.757530794177581,-0.377648730917839
1.53109696923958,-0.442367683895733
1.11056026128996,-0.358163662825747
-0.225149800269751,0.705528575676594
-0.813289853630165,-0.227156757211716
-0.727296382717228,-0.370610342594732
-1.34777586666928,-1.37977817656408
-1.42920458350531,-1.40605562321476
-0.735958194652419,0.936863619631051
0.519007420798813,1.18137559349069
1.96698809722552,-0.902852407396836
-0.641512009857313,-0.452882587022999
0.714068514186678,-0.219036110698572
0.936566470836353,-0.317147928356867
-1.82916546404787,-1.55124938280768
2.04595607808064,-0.221062363588849
1.28741540314218,-0.394930384697741
-0.579342097646739,-0.937641536767582
-0.753460338347396,-0.375831567752239
-1.56054164169627,-1.45070391903389
-0.944423565196453,0.964840216094016
-0.731224627639684,-1.13678036183138
-1.1689923058737,-1.32349509478836
-1.38064994514256,1.09983050587027
0.500577249556142,-1.47584348321077
-0.615342521968728,-0.477271153032661
-0.689615066404954,0.9567713838172
0.941786808695895,-0.318481822408078
0.590353946443956,1.05304542953248
-0.754010343881309,-0.376075670310333
-1.14962170246384,1.15538012948739
-0.814688105234534,-0.224843317113577
1.90002264776998,-0.181998917148575
0.472437417027558,-1.25571612697825
0.571675531329439,1.0877402183326
1.48657517826263,-0.437049147292599
0.441656299210982,1.31637099086931
0.39884869548141,-0.89450555118369
-1.46600639438894,-1.4183382179319
1.22307249747496,-0.381823272859581
-1.00132222737695,-1.26882744007034
-0.356925464309599,0.754116829843105
0.454751883223292,1.29402332841556
-2.39828144043082,-0.107662605773188
-1.3278364048703,0.889338967180249
-1.97332728952732,-1.60647650885127
-1.40344167189909,1.11658802640232
-0.734742586362296,-1.3239491882841
0.863031932893813,1.48113694353573
-0.635431003020944,1.00935607051784
1.48874685818377,-0.531970227635084
0.863237778150825,1.53336550254335
2.02751318336354,0.458965871401593
-1.39966607218489,-1.39642034911602
-0.741494471655007,-0.370642721551895
-0.902676928543419,0.958920009416808
1.9237829924791,-0.606847053358381
-1.9169826889374,0.247779166702597
0.403587486036092,-0.915592433663573
-0.927145443549202,-1.24436659744219
0.413059471590526,-0.95784546247708
-0.128440358182923,-0.637406988991497
-0.830231838876889,-0.199656004458601
-0.636072396856811,-1.01562565928146
-0.9976112860931,-1.26758764197393
-0.654509472323167,-0.440633847121586
1.8980920169979,-0.19849030066826
0.804185597586191,1.01766512597537
-0.0419368111527812,0.668904359258781
-2.21089324264788,-0.014659348833985
0.505835843321958,-0.420366422311685
0.397261183970947,-0.887489968035973
-1.26609770444498,0.941150438962829
-0.543428498980515,-0.888029523482735
-1.5242329447313,-1.43821053159678
-0.406840407459177,-0.68517652938809
1.50808970366698,-0.441826334523321
0.567867024087654,0.671627974556808
-2.17351343313729,0.00955205382733
-0.480141311405526,1.00558384841478
-0.971659832963496,-1.25894393734638
1.9539662358616,0.16914375094067
-2.02807986321802,0.133332610086611
-1.48416779205803,0.760238970487636
-0.791018653408314,-0.264653006268051
0.479202114529358,-1.30502618150623
0.495509797259505,-1.43528319172052
-0.472236242717714,-0.793202016942749
-1.60745402591109,-1.46712586074234
1.803367826526,-0.38544224188847
-0.321936880974545,0.739978127835523
2.17590305475713,-0.186933727391822
0.74196123154425,-0.269649777351592
0.86283361586004,0.402197605988594
0.777951776901124,1.09095139520381
-2.58305021663438,-0.181389836342389
-1.42620162480901,1.13337416456853
-0.620518801546675,-0.994274066772975
2.10291260121442,-0.205688668313982
-0.923430539056811,-1.24316501833228
-1.65340155419799,0.595802914897312
-0.564944006406289,0.99340999514984
-0.763290682463731,-0.380258165052686
-1.18222902204241,0.992035221233721
1.92742308561706,-0.607787955076594
0.368629830919876,-0.768043281303394
-1.98742912686042,0.172027535555313
-1.36584322194792,0.857689325954814
-1.77426410047934,0.433387820637318
0.504790261523089,1.20635607553462
-0.527182234065583,0.998780569438838
0.436858305213503,-1.06305787820831
0.849697019009942,1.31502661387175
0.673825762825329,0.306227502627662
-1.67174535632175,-1.48971603053301
-1.87425007917964,-1.56843740762649
-1.54523580071976,0.709757820775346
-0.501266328403106,1.00251779226431
-1.69170545484995,0.544156658214406
-1.14704661694271,1.21026795652024
-0.522468094259415,0.999456828656017
0.638459990112092,-0.324685550191193
-1.12033342729679,-1.30767938190227
0.394065195542354,-0.873462552374382
-1.23766681510335,0.965117429449109
-0.489507944803205,1.00422504010238
-1.34778670776348,1.07569768819214
-1.15024095691531,1.44671597494843
0.492481068717271,-1.41073394147127
-1.63583360148337,0.66091768709227
-2.1846173207391,0.0020672639675081
-0.735889810933779,-0.368294526015638
-1.72878013684661,0.666374391414043
0.862088493460283,1.45578726374775
-2.37132885841214,-0.0961046568020605
-0.233999958945623,0.708348937484482
-1.44385089538125,1.14643452698601
-0.773695725329914,-1.18805564823653
-1.22110431389771,-1.34019914640515
-1.21365164372166,-1.33784317661325
0.890303004232293,0.394582959788703
1.93608751990373,0.0738195876582606
-0.840139977468271,0.950305767218908
-1.57808183929142,0.682610182961648
1.82515279101185,-0.355204078945153
0.551440321940983,1.12436032733602
1.90704628919244,-0.124465642851603
2.11242118263072,-0.203189661756113
-2.55714890926426,-0.171895276949465
0.716786132000514,-0.237283570369823
1.50995461474367,-0.469742807782791
-0.433993064402354,1.01119524317342
0.436082259515892,-1.05955880532081
-0.825955611722643,-0.206476945935499
0.470448197028194,0.666044294294215
-0.192273130295564,-0.646543730639416
1.93891511993198,0.0897954207578837
-1.59444789826832,1.25802759824142
-2.53852764184185,-0.16470538067454
-0.480277147472414,-0.803642155805724
-0.485585056082042,-0.604021827053506
2.18224812102265,-0.185353121401061
-0.172715441761696,-0.643479863263355
1.97782208228692,0.278144609996007
1.96037287114748,0.20055450613513
-0.567305205870604,0.99307494328382
0.853528671465728,1.33985483447411
-1.14944832707253,1.15881856024777
-0.760513411887971,-0.316892535396437
-1.30408629221697,0.909222611748628
-0.455815637656234,-0.634399467183248
-1.66813486811297,0.575936601669758
-0.893679216491217,-1.23360449052586
1.99188538436102,-1.02074122875721
-0.553739670799862,-0.90219136316834
-0.863928698228266,-1.2241313726416
0.815800282097856,1.19949493004288
-2.53479756438413,-0.163245459794027
-2.57199858444332,-0.177442050383679
1.70891495552673,-0.416651803546733
1.00966714268162,-0.335811423771503
-1.76653855605697,-1.52664458107245
1.95713335197766,0.184869025895929
-1.27709855953465,-1.3577868407442
-0.672937788292729,0.906816491858818
-1.63062335547995,0.660629694109529
-1.56166012334995,1.23452112821992
-2.38286789584952,-0.101111709232314
-1.77131351521076,0.43732530078994
-0.757757132982323,-0.321642417955178
1.60464893480372,-0.431451001471847
-0.742562772222171,-1.15045664587578
1.99765536353232,-1.04596021494473
0.773665011861208,-0.277197336555622
-1.15487838389284,1.06650370098133
1.91775168322306,-0.0428006552278081
-1.8707738905707,-1.56713960399454
-1.43124838072696,1.13710411862109
-0.54859233117779,-0.895108717572293
-1.14544399960914,1.26849975809888
1.44503619574825,-0.663579630505532
0.401221079955172,-0.905040184028471
-1.2518737787662,0.953132708357905
-0.269770941658439,-0.664088367321593
0.500166049142157,-1.47273842904314
-1.54603070624452,-1.44568767030688
0.551638145086088,-0.387449021807483
-1.73155434406462,-1.51285892879644
0.597292597743233,-0.354548039257416
0.226995253968538,-0.594685317098546
-2.57569606924682,-0.178783642467906
-0.675996572361878,-0.420030572198167
-0.762628925411919,-1.24805038617861
-1.12545454931681,0.992780744268312
-2.10585091663401,0.0617894714806456
0.852074532845685,1.32916670497897
-1.19682040466363,0.987663776226531
-1.14634637664477,1.35418574904414
-1.14609801893289,1.23763194104667
-1.47474269428167,0.768014946628143
-0.617526552257362,-0.475238017820251
-1.22856518581645,-1.34255175301583
-0.539063964017923,0.838514856937268
-1.24350393424855,-1.34725581228155
0.441870118456666,-0.466852504609515
0.528182649026938,0.668939889664363
0.481032213700305,-1.31914241814275
-1.05708600948944,-1.28722999897139
0.8467590786416,1.30097000373911
-0.964246381345013,-1.25649174207124
-1.18017210475133,-1.32712066530969
-1.23655055655685,0.993963726363927
-1.15917007050056,1.01214009448345
-1.76304894624256,-1.52526624047575
-1.44888748791171,1.15017121089648
0.394867241286565,-0.876970047202378
0.665320786911091,0.931404262874677
0.618810199776044,0.574610345329153
-0.982779098012971,-1.26263838283676
0.873731049535841,-0.301400988008781
-1.32761458999726,1.06084684341833
-0.573618221448387,0.855955800200388
-1.70343066527844,-1.50185892670454
-2.57938185975221,-0.180101013693698
-0.7661700770026,-1.23898840086492
0.891048213457929,0.394370555533299
-1.17493778958452,0.994225169636016
-1.56920128470095,1.24002510330944
-1.66821714673607,-1.48840424780068
-0.784068156217454,-0.276504491065219
-1.33013386782115,1.06270323360931
-2.44058505694116,-0.125156021064207
-0.504896872951811,-0.584596243884949
-0.525233266713933,-0.863294000849163
0.712712707991448,-0.209912569510116
0.671469996015817,0.457086867412015
-2.0415996457043,0.12056635286323
0.457263438801089,1.28973895350871
-1.15242959805904,1.10400762631779
-0.771494466083454,-1.22541037096455
2.25831061074841,-0.167743649742459
-1.8186195526373,0.374570749282227
-1.14527692739287,1.29594489181853
-1.74343626473029,0.667280319361271
0.851530698744745,1.32562059488823
0.633207668416832,0.847893270911126
1.49165926095596,-0.523391339847692
-2.30992264196475,-0.0679623593670115
-0.489864216775063,-0.599703304850039
-0.645027172302441,0.980512805873672
-1.61670731088873,0.65987920206593
-1.14969754763506,1.43649163545801
0.727400116286781,0.4381950003342
0.0843758273840419,-0.610191202420629
-0.456976693426772,0.798031588082742
0.446424445235555,-0.463513424057456
-2.14083305513274,0.0332154527405306
1.93588532307349,-0.74717360925003
0.552721553634076,1.12207629599761
-0.284361850131923,-0.667756728279623
-1.47332684114131,-1.42081445948272
0.689397360709511,0.447969098378909
-1.51904657008245,1.2027425701776
2.18859072919468,-0.183784117890494
-1.84301450439995,-1.55660980632095
-0.56965675746159,-0.520535011653157
-0.428143122164256,-0.663046014311086
0.842222732754557,-0.293682012601973
1.92853820108798,-0.710023390666259
0.361269930714151,-0.74010883689669
-1.01246503902265,-1.27254704264177
0.539827854970219,1.14490817146066
-1.154639983579,1.06990962069498
0.673686817198684,0.442851871946091
0.714652249490252,0.98269404497365
1.44142426417669,-0.674616267759027
-1.17644829503402,-1.32591449533172
-0.749861128130532,0.938630453616242
-0.733732755142657,-0.367404062684171
-1.42551577355346,-1.40484258796515
0.534630575784997,1.15403593397055
1.44568397527681,-0.661603641280387
-1.82223811179953,-1.54855023677525
-1.81268800126867,0.382380263505237
-1.85688081171635,-1.56190896595069
0.513821262973575,1.19046449244317
-0.647643647292317,0.979121003876536
-1.57862078926646,-1.45703830496569
0.326269590602538,0.661093846410998
0.6279673506539,0.983061092038913
0.68027024090137,0.120736000320361
1.98360222809984,0.301154203317882
1.98628778791923,-0.995044632084452
0.257655893987336,-0.591468760549325
1.93882446233669,-0.762027209491941
1.96248467497116,-0.880667972301573
0.452282272237181,1.29822764171782
1.89713368870042,-0.206741172264548
0.351579481555404,-0.705523218765261
0.135105513012904,-0.604521671777045
-1.73506351147701,-1.51423700734944
-1.13531267086106,-1.31254609676443
0.693875783639347,0.446822433448483
-1.75360893364153,0.460991383850235
-1.7084385553124,0.665142162740084
0.483278663315605,-1.33677359421574
-0.725559076856302,-1.12994617702302
-2.31758817642048,-0.0716063778275578
-1.56417247400345,1.236360827613
-1.91098162515059,0.255273683307171
-1.15612332476896,1.04948762319921
-1.21141672919608,0.983300264483006
-1.93522187724182,0.225904007509027
-1.69465079183718,0.540186850827796
-0.632648873725049,1.02110154973767
-1.43693819295639,0.799112747952879
-0.781288750221023,-0.281252730457839
-0.526092247269885,0.832002713743448
0.413157641374119,-0.485083834120784
-0.447315198149273,-0.643176607050946
-0.521768186676405,0.829836102093484
-0.897399851989576,-1.23479472936846
0.572262203353841,0.671952143319347
-0.744863019355815,-0.372079200789493
0.359379587471854,-0.733159257233283
-0.0916712614490124,0.674731102018418
0.8576867761554,1.383171102381
-1.67220811423633,0.663005379079444
0.376009004817166,0.662703250356689
-2.39442573615601,-0.106037516731186
-0.421750488880466,-0.66968260647846
0.634247332611163,0.971401774075106
-0.433354705226045,1.01123572119803
1.91105657817082,-0.603517094815519
0.764494409990794,1.05245962240932
-1.53657442555505,1.215900104903
0.445465117602363,1.30983767754954
-2.05171489446425,0.111044347243723
-1.14778705047269,1.19315838262509
-0.466858685528062,-0.786257372869398
-1.44763369755159,-1.41216637027155
-1.09421586857973,-1.29921692212155
1.04123659231525,-0.343221622087812
2.03691315464202,0.49423803310038
-0.854296805390718,-0.162772243397064
-1.79792083587107,-1.5390214361202
-1.55329054162393,-1.44819002818578
-1.61467122101499,1.27185654711397
-1.95326819173948,-1.59823508986269
1.50628040904045,-0.480450284344966
-1.20411861007645,0.985481151527461
-2.55342848944947,-0.17047498351244
-1.54054839605603,0.713632855828197
-1.0793526494718,-1.29442066587738
-1.44395063510406,-1.41093826467201
-1.1474802280202,1.20000633484333
-1.14839911513584,1.4091492605397
-1.14997174613283,1.14850571317588
0.862660697385584,1.47028862137809
-0.651726760086052,-1.03694281253894
-0.75120027600364,-1.27750049287618
0.495077503726015,-1.43179045867841
-1.39837629346438,1.11285941396196
-1.40336293350614,-1.39761758824768
0.15038792347787,-0.602861705737884
-0.274634265990592,-0.665309078642096
1.92924371979856,-0.608256999029562
-1.8513193278395,0.331798031762158
0.680484561787256,0.116231090710104
0.801167546972867,1.15749057030984
-2.27555822879643,-0.0509778881896157
-0.680962083729411,-1.07540375584947
0.831702863759537,-0.291130490527981
1.98867257886023,-1.00608293500902
0.366817524741536,-0.761041916343171
0.579153094084519,1.07391182893402
-1.60024962505907,-1.4646275929347
0.673553727714704,0.392716124264524
-0.441492481390004,1.01059661262724
-0.635385424644318,0.983010179584788
-1.19505019131443,-1.33191627787977
-1.1491850722167,1.42624714563164
0.824148538353282,0.412636250534758
-0.84316962370218,-0.179536378371638
0.857105649306104,1.37591358933423
0.211657818407639,-0.596306174303925
1.99107775508876,-1.01708554704182
1.84670637710249,-0.501913158033875
-1.49905152181253,1.18769288116205
-0.00547674179333574,-0.621362446956976
2.21710434586276,-0.176915158580949
1.46224513508851,-0.611009631013195
-2.51611332897101,-0.155863337155549
1.97152574827078,-0.925002422904292
0.587862970966502,1.05769306493437
-0.478579145111645,0.808427875003145
-0.453692033491722,-0.636589127208939
-1.39226701613994,-1.39402998603558
2.05853208401903,-0.646485222418352
-1.97733530954294,0.181807071077744
-1.7329551965392,0.488671848019444
-1.59951181349177,1.26155253407423
0.363138823997245,-0.74707331747664
-1.72804309338748,-1.51148125714939
-1.76636757887835,0.668730950508121
-1.63917658407808,1.28693566504327
-1.34526277323894,1.07384147456931
1.9034697654134,-0.153201726649588
-0.577935235872186,0.85814440741646
-0.132084735490531,0.681209133225393
-1.15394459973662,1.08013246040625
1.9092403473348,-0.603035945049794
1.90314915740031,-0.260930009113349
-1.64103952263715,0.661209084419749
-0.602242771251395,-0.489499196086882
0.393260867050185,-0.869953977500071
-0.44832069978276,0.793948182712275
-1.68935569279298,-1.49640433880071
-2.49737273869912,-0.148354286975479
-0.443989527260186,0.791924855440484
0.0441634948473923,-0.614946581398319
0.334102044526405,-0.565834074151088
-1.79443734661507,-1.53765115789442
0.349565558160527,-0.698652519219955
-1.76963746215766,0.668955651728925
-0.260048075722163,-0.661657244369084
-0.45876693604365,-0.775859448043634
-0.745217507696339,-1.29318052825137
1.46646482417526,-0.59823328646238
-1.32005902442324,1.05527736667028
0.46494881096046,-1.20651360904303
-1.5206008590954,-1.43696463043476
0.486823650701672,-1.36494195502413
-1.76207472650975,0.668449137123841
-1.41356642766082,1.12404866942238
0.783135741081319,1.02045027980703
-0.85160646874144,-0.166782679490828
-0.185361648927012,0.69362107457034
0.673705543197739,0.451963790177748
1.92560283664778,-0.607317998628202
-1.70694867683671,-1.5032298866181
-2.19581962087545,-0.0052222353490081
-1.13906013382363,-1.31376425805269
-1.30883529568149,0.905241253377837
1.6413960916054,-0.426179974548888
-1.66224149243634,0.583883252386499
1.91943165882699,-0.0306706425570802
-1.62366937834738,0.660251303111213
0.506077299881402,1.2040856797471
-1.06450949318127,-1.28963234049224
-1.73864258697616,0.666982875611332
-0.308795039322047,0.734859270852351
-1.96269201201814,-1.60204711002026
0.40910827442366,-0.940252179892906
-0.686989913833578,0.958167753499478
-0.740407947211983,-1.30625480015082
-1.75606589112152,-1.52250909882301
-1.13156574835232,-1.31132830382616
-1.14653085676679,1.22394394513783
-0.759095289967744,-1.25711976881929
-0.776830420517162,-1.21184934557845
0.631737095896551,0.97606270776122
0.452986534984962,-1.13983548884112
-2.20711224684986,-0.0123295734682319
-0.496559364191833,1.00320079074664
1.38962062232856,-0.415900437697919
-2.23368636330948,-0.0282009956673754
0.11292287291866,0.65803448213677
-0.584825254911478,-0.505947108414575
-1.51696940889488,-1.43571860474958
-0.714251499545389,-1.1162980238827
-1.60710432173518,1.26676761902542
-1.15014859272122,1.14507053625948
0.646754780177772,0.948157932247347
0.492048667155173,-1.4072132410937
-1.61717944426553,1.27351282817134
-1.49155383885333,1.18205322193919
-0.986485949855875,-1.26387362681907
-0.582252370433834,0.860334976622271
0.390833019096846,-0.859419357517408
-1.83645162797392,0.351192896397562
